origin_date,target_date,horizon_months,maturity_months,maturity_series,model,forecast_yield_pct,observed_source_date,actual_yield_pct,forecast_minus_actual_pp
2023-12-31,2024-01-31,1,12,DGS1,AR,4.706849390118832,2024-01-31,4.73,-0.023150609881168016
2023-12-31,2024-01-31,1,24,DGS2,AR,4.191118345300337,2024-01-31,4.27,-0.07888165469966246
2023-12-31,2024-01-31,1,120,DGS10,AR,3.9429978269422223,2024-01-31,3.99,-0.047002173057777874
2024-01-31,2024-02-29,1,12,DGS1,AR,4.675685649132929,2024-02-29,5.01,-0.3343143508670705
2024-01-31,2024-02-29,1,24,DGS2,AR,4.184086117724511,2024-02-29,4.64,-0.4559138822754889
2024-01-31,2024-02-29,1,120,DGS10,AR,4.060017206738981,2024-02-29,4.25,-0.1899827932610192
2024-02-29,2024-03-31,1,12,DGS1,AR,4.917626029362603,2024-03-28,5.03,-0.11237397063739696
2024-02-29,2024-03-31,1,24,DGS2,AR,4.541891595064251,2024-03-28,4.59,-0.04810840493574897
2024-02-29,2024-03-31,1,120,DGS10,AR,4.305560283047934,2024-03-28,4.2,0.10556028304793408
2024-03-31,2024-04-30,1,12,DGS1,AR,4.928121437973449,2024-04-30,5.25,-0.3218785620265514
2024-03-31,2024-04-30,1,24,DGS2,AR,4.519819521502611,2024-04-30,5.04,-0.5201804784973891
2024-03-31,2024-04-30,1,120,DGS10,AR,4.252702046901721,2024-04-30,4.69,-0.43729795309827946
2024-04-30,2024-05-31,1,12,DGS1,AR,5.1476935265773065,2024-05-31,5.18,-0.032306473422693216
2024-04-30,2024-05-31,1,24,DGS2,AR,4.912759604402347,2024-05-31,4.89,0.022759604402347478
2024-04-30,2024-05-31,1,120,DGS10,AR,4.7252882642825105,2024-05-31,4.51,0.2152882642825107
2024-05-31,2024-06-30,1,12,DGS1,AR,5.067826049578581,2024-06-28,5.09,-0.022173950421418454
2024-05-31,2024-06-30,1,24,DGS2,AR,4.76710436112092,2024-06-28,4.71,0.057104361120919656
2024-05-31,2024-06-30,1,120,DGS10,AR,4.554556206611389,2024-06-28,4.36,0.19455620661138884
2024-06-30,2024-07-31,1,12,DGS1,AR,4.966882454333019,2024-07-31,4.73,0.2368824543330188
2024-06-30,2024-07-31,1,24,DGS2,AR,4.605483170981556,2024-07-31,4.29,0.31548317098155554
2024-06-30,2024-07-31,1,120,DGS10,AR,4.402207624043048,2024-07-31,4.09,0.31220762404304825
2024-07-31,2024-08-31,1,12,DGS1,AR,4.666159501688726,2024-08-30,4.38,0.2861595016887257
2024-07-31,2024-08-31,1,24,DGS2,AR,4.198193353619726,2024-08-30,3.91,0.2881933536197261
2024-07-31,2024-08-31,1,120,DGS10,AR,4.150885530119934,2024-08-30,3.91,0.2408855301199342
2024-08-31,2024-09-30,1,12,DGS1,AR,4.363116546454419,2024-09-30,3.98,0.3831165464544193
2024-08-31,2024-09-30,1,24,DGS2,AR,3.8658471182741456,2024-09-30,3.66,0.20584711827414548
2024-08-31,2024-09-30,1,120,DGS10,AR,3.960944330321754,2024-09-30,3.81,0.15094433032175392
2024-09-30,2024-10-31,1,12,DGS1,AR,3.975632355602547,2024-10-31,4.27,-0.29436764439745255
2024-09-30,2024-10-31,1,24,DGS2,AR,3.589743704830033,2024-10-31,4.16,-0.5702562951699672
2024-09-30,2024-10-31,1,120,DGS10,AR,3.8612397107069114,2024-10-31,4.28,-0.41876028929308884
2024-10-31,2024-11-30,1,12,DGS1,AR,4.232473837736798,2024-11-29,4.3,-0.06752616226320196
2024-10-31,2024-11-30,1,24,DGS2,AR,4.0647205729482865,2024-11-29,4.13,-0.06527942705171341
2024-10-31,2024-11-30,1,120,DGS10,AR,4.305659422309474,2024-11-29,4.18,0.12565942230947424
2024-11-30,2024-12-31,1,12,DGS1,AR,4.2185086573851285,2024-12-31,4.16,0.05850865738512834
2024-11-30,2024-12-31,1,24,DGS2,AR,4.044158112195646,2024-12-31,4.25,-0.20584188780435397
2024-11-30,2024-12-31,1,120,DGS10,AR,4.203235560468855,2024-12-31,4.58,-0.37676443953114536
2024-12-31,2025-01-31,1,12,DGS1,AR,4.147582968111595,2025-01-31,4.17,-0.022417031888404715
2024-12-31,2025-01-31,1,24,DGS2,AR,4.131093061341649,2025-01-31,4.22,-0.08890693865835075
2024-12-31,2025-01-31,1,120,DGS10,AR,4.580676297767165,2025-01-31,4.58,0.0006762977671650461
2025-01-31,2025-02-28,1,12,DGS1,AR,4.134400484009844,2025-02-28,4.08,0.054400484009843986
2025-01-31,2025-02-28,1,24,DGS2,AR,4.117517295227994,2025-02-28,3.99,0.12751729522799415
2025-01-31,2025-02-28,1,120,DGS10,AR,4.593535755003023,2025-02-28,4.24,0.3535357550030227
2025-02-28,2025-03-31,1,12,DGS1,AR,4.019981171435495,2025-03-31,4.03,-0.010018828564505533
2025-02-28,2025-03-31,1,24,DGS2,AR,3.8984681394743275,2025-03-31,3.89,0.00846813947432734
2025-02-28,2025-03-31,1,120,DGS10,AR,4.26905153490393,2025-03-31,4.23,0.03905153490392976
2025-03-31,2025-04-30,1,12,DGS1,AR,3.9530978672903916,2025-04-30,3.85,0.1030978672903915
2025-03-31,2025-04-30,1,24,DGS2,AR,3.7976155466762234,2025-04-30,3.6,0.19761554667622327
2025-03-31,2025-04-30,1,120,DGS10,AR,4.278141907806522,2025-04-30,4.17,0.10814190780652222
2025-04-30,2025-05-31,1,12,DGS1,AR,3.7655902120447444,2025-05-30,4.11,-0.3444097879552559
2025-04-30,2025-05-31,1,24,DGS2,AR,3.512332959836642,2025-05-30,3.89,-0.37766704016335817
2025-04-30,2025-05-31,1,120,DGS10,AR,4.220262939012689,2025-05-30,4.41,-0.18973706098731125
2025-05-31,2025-06-30,1,12,DGS1,AR,3.969681270024166,2025-06-30,3.96,0.009681270024166189
2025-05-31,2025-06-30,1,24,DGS2,AR,3.7779588121413905,2025-06-30,3.72,0.057958812141390315
2025-05-31,2025-06-30,1,120,DGS10,AR,4.473233371515908,2025-06-30,4.24,0.23323337151590806
2025-06-30,2025-07-31,1,12,DGS1,AR,3.8649830076276315,2025-07-31,4.1,-0.23501699237236817
2025-06-30,2025-07-31,1,24,DGS2,AR,3.6047856300331236,2025-07-31,3.94,-0.33521436996687637
2025-06-30,2025-07-31,1,120,DGS10,AR,4.311314369272079,2025-07-31,4.37,-0.0586856307279211
2025-07-31,2025-08-31,1,12,DGS1,AR,3.983246601490603,2025-08-29,3.83,0.15324660149060287
2025-07-31,2025-08-31,1,24,DGS2,AR,3.792487108461761,2025-08-29,3.59,0.202487108461761
2025-07-31,2025-08-31,1,120,DGS10,AR,4.4470482626799175,2025-08-29,4.23,0.21704826267991706
2025-08-31,2025-09-30,1,12,DGS1,AR,3.6766664864280747,2025-09-30,3.68,-0.0033335135719254616
2025-08-31,2025-09-30,1,24,DGS2,AR,3.4487998187579287,2025-09-30,3.6,-0.15120018124207135
2025-08-31,2025-09-30,1,120,DGS10,AR,4.333098383190522,2025-09-30,4.16,0.1730983831905215
2025-09-30,2025-10-31,1,12,DGS1,AR,3.596020215723948,2025-10-31,3.7,-0.10397978427605237
2025-09-30,2025-10-31,1,24,DGS2,AR,3.4606142146533614,2025-10-31,3.6,-0.1393857853466387
2025-09-30,2025-10-31,1,120,DGS10,AR,4.254080379912049,2025-10-31,4.11,0.14408037991204825
2025-10-31,2025-11-30,1,12,DGS1,AR,3.5666991558442134,2025-11-28,3.61,-0.0433008441557865
2025-10-31,2025-11-30,1,24,DGS2,AR,3.45922131172233,2025-11-28,3.47,-0.010778688277670145
2025-10-31,2025-11-30,1,120,DGS10,AR,4.208388823282772,2025-11-28,4.02,0.1883888232827724
2025-11-30,2025-12-31,1,12,DGS1,AR,3.4799969976994305,2025-12-31,3.48,-3.0023005694879146e-06
2025-11-30,2025-12-31,1,24,DGS2,AR,3.334299725028058,2025-12-31,3.47,-0.13570027497194204
2025-11-30,2025-12-31,1,120,DGS10,AR,4.145597558363706,2025-12-31,4.18,-0.0344024416362938
2023-10-31,2024-01-31,3,12,DGS1,AR,5.129868767265202,2024-01-31,4.73,0.39986876726520126
2023-10-31,2024-01-31,3,24,DGS2,AR,4.866233004039865,2024-01-31,4.27,0.5962330040398651
2023-10-31,2024-01-31,3,120,DGS10,AR,4.8451459841920546,2024-01-31,3.99,0.8551459841920543
2023-11-30,2024-02-29,3,12,DGS1,AR,4.897494670586636,2024-02-29,5.01,-0.11250532941336377
2023-11-30,2024-02-29,3,24,DGS2,AR,4.5236702007690575,2024-02-29,4.64,-0.11632979923094222
2023-11-30,2024-02-29,3,120,DGS10,AR,4.362097665218831,2024-02-29,4.25,0.11209766521883058
2023-12-31,2024-03-31,3,12,DGS1,AR,4.67599797183791,2024-03-28,5.03,-0.3540020281620899
2023-12-31,2024-03-31,3,24,DGS2,AR,4.152456466912521,2024-03-28,4.59,-0.43754353308747884
2023-12-31,2024-03-31,3,120,DGS10,AR,3.8952903739545355,2024-03-28,4.2,-0.3047096260454647
2024-01-31,2024-04-30,3,12,DGS1,AR,4.629953563307883,2024-04-30,5.25,-0.6200464366921166
2024-01-31,2024-04-30,3,24,DGS2,AR,4.134227841729093,2024-04-30,5.04,-0.9057721582709073
2024-01-31,2024-04-30,3,120,DGS10,AR,4.004361825706293,2024-04-30,4.69,-0.6856381742937074
2024-02-29,2024-05-31,3,12,DGS1,AR,4.843662302351065,2024-05-31,5.18,-0.3363376976489345
2024-02-29,2024-05-31,3,24,DGS2,AR,4.46088295112491,2024-05-31,4.89,-0.4291170488750895
2024-02-29,2024-05-31,3,120,DGS10,AR,4.234549099491681,2024-05-31,4.51,-0.2754509005083188
2024-03-31,2024-06-30,3,12,DGS1,AR,4.86297156541214,2024-06-28,5.09,-0.2270284345878597
2024-03-31,2024-06-30,3,24,DGS2,AR,4.447110245490012,2024-06-28,4.71,-0.2628897545099882
2024-03-31,2024-06-30,3,120,DGS10,AR,4.186499600894414,2024-06-28,4.36,-0.17350039910558657
2024-04-30,2024-07-31,3,12,DGS1,AR,5.039193057340865,2024-07-31,4.73,0.309193057340865
2024-04-30,2024-07-31,3,24,DGS2,AR,4.797514831581462,2024-07-31,4.29,0.5075148315814619
2024-04-30,2024-07-31,3,120,DGS10,AR,4.634333044431402,2024-07-31,4.09,0.5443330444314025
2024-05-31,2024-08-31,3,12,DGS1,AR,4.973558932461193,2024-08-30,4.38,0.5935589324611934
2024-05-31,2024-08-31,3,24,DGS2,AR,4.666352670183618,2024-08-30,3.91,0.7563526701836176
2024-05-31,2024-08-31,3,120,DGS10,AR,4.472367632130193,2024-08-30,3.91,0.5623676321301927
2024-06-30,2024-09-30,3,12,DGS1,AR,4.887208588390297,2024-09-30,3.98,0.9072085883902967
2024-06-30,2024-09-30,3,24,DGS2,AR,4.520106161760839,2024-09-30,3.66,0.8601061617608385
2024-06-30,2024-09-30,3,120,DGS10,AR,4.329037436245187,2024-09-30,3.81,0.5190374362451871
2024-07-31,2024-10-31,3,12,DGS1,AR,4.612187880810571,2024-10-31,4.27,0.34218788081057117
2024-07-31,2024-10-31,3,24,DGS2,AR,4.143037280076138,2024-10-31,4.16,-0.016962719923862224
2024-07-31,2024-10-31,3,120,DGS10,AR,4.093539472438366,2024-10-31,4.28,-0.18646052756163467
2024-08-31,2024-11-30,3,12,DGS1,AR,4.321213396777766,2024-11-29,4.3,0.02121339677776657
2024-08-31,2024-11-30,3,24,DGS2,AR,3.8263523319002575,2024-11-29,4.13,-0.3036476680997424
2024-08-31,2024-11-30,3,120,DGS10,AR,3.9134098479138677,2024-11-29,4.18,-0.266590152086132
2024-09-30,2024-12-31,3,12,DGS1,AR,3.9230164098857765,2024-12-31,4.16,-0.23698359011422365
2024-09-30,2024-12-31,3,24,DGS2,AR,3.541415269250449,2024-12-31,4.25,-0.7085847307495512
2024-09-30,2024-12-31,3,120,DGS10,AR,3.8127697752663403,2024-12-31,4.58,-0.7672302247336598
2024-10-31,2025-01-31,3,12,DGS1,AR,4.138166882377327,2025-01-31,4.17,-0.03183311762267316
2024-10-31,2025-01-31,3,24,DGS2,AR,3.9685781427347457,2025-01-31,4.22,-0.251421857265254
2024-10-31,2025-01-31,3,120,DGS10,AR,4.229554674928728,2025-01-31,4.58,-0.3504453250712718
2024-11-30,2025-02-28,3,12,DGS1,AR,4.127468678828016,2025-02-28,4.08,0.04746867882801631
2024-11-30,2025-02-28,3,24,DGS2,AR,3.9502476054497935,2025-02-28,3.99,-0.03975239455020674
2024-11-30,2025-02-28,3,120,DGS10,AR,4.131382056680436,2025-02-28,4.24,-0.10861794331956443
2024-12-31,2025-03-31,3,12,DGS1,AR,4.04117786002756,2025-03-31,4.03,0.011177860027559383
2024-12-31,2025-03-31,3,24,DGS2,AR,4.020950352841106,2025-03-31,3.89,0.13095035284110557
2024-12-31,2025-03-31,3,120,DGS10,AR,4.493260342613046,2025-03-31,4.23,0.2632603426130453
2025-01-31,2025-04-30,3,12,DGS1,AR,4.030655028164578,2025-04-30,3.85,0.18065502816457757
2025-01-31,2025-04-30,3,24,DGS2,AR,4.010370001029403,2025-04-30,3.6,0.41037000102940313
2025-01-31,2025-04-30,3,120,DGS10,AR,4.507893456156084,2025-04-30,4.17,0.3378934561560838
2025-02-28,2025-05-31,3,12,DGS1,AR,3.9280768163414317,2025-05-30,4.11,-0.18192318365856863
2025-02-28,2025-05-31,3,24,DGS2,AR,3.805618670216119,2025-05-30,3.89,-0.08438132978388113
2025-02-28,2025-05-31,3,120,DGS10,AR,4.195308698436797,2025-05-30,4.41,-0.21469130156320304
2025-03-31,2025-06-30,3,12,DGS1,AR,3.8686905260127418,2025-06-30,3.96,-0.0913094739872582
2025-03-31,2025-06-30,3,24,DGS2,AR,3.714912851847571,2025-06-30,3.72,-0.005087148152429055
2025-03-31,2025-06-30,3,120,DGS10,AR,4.2078437230463255,2025-06-30,4.24,-0.032156276953674734
2025-04-30,2025-07-31,3,12,DGS1,AR,3.701829931260991,2025-07-31,4.1,-0.3981700687390086
2025-04-30,2025-07-31,3,24,DGS2,AR,3.456998417944062,2025-07-31,3.94,-0.4830015820559379
2025-04-30,2025-07-31,3,120,DGS10,AR,4.161095672910911,2025-07-31,4.37,-0.20890432708908868
2025-05-31,2025-08-31,3,12,DGS1,AR,3.8962077517732028,2025-08-29,3.83,0.0662077517732027
2025-05-31,2025-08-31,3,24,DGS2,AR,3.7104300173137044,2025-08-29,3.59,0.12043001731370451
2025-05-31,2025-08-31,3,120,DGS10,AR,4.406643442736027,2025-08-29,4.23,0.17664344273602683
2025-06-30,2025-09-30,3,12,DGS1,AR,3.8020175940377934,2025-09-30,3.68,0.12201759403779322
2025-06-30,2025-09-30,3,24,DGS2,AR,3.550432112234262,2025-09-30,3.6,-0.04956788776573795
2025-06-30,2025-09-30,3,120,DGS10,AR,4.252651738883451,2025-09-30,4.16,0.09265173888345046
2025-07-31,2025-10-31,3,12,DGS1,AR,3.910389767311642,2025-10-31,3.7,0.21038976731164194
2025-07-31,2025-10-31,3,24,DGS2,AR,3.7249066240874873,2025-10-31,3.6,0.1249066240874872
2025-07-31,2025-10-31,3,120,DGS10,AR,4.382146524418841,2025-10-31,4.11,0.272146524418841
2025-08-31,2025-11-30,3,12,DGS1,AR,3.622369359486254,2025-11-28,3.61,0.012369359486254172
2025-08-31,2025-11-30,3,24,DGS2,AR,3.404286978824352,2025-11-28,3.47,-0.06571302117564803
2025-08-31,2025-11-30,3,120,DGS10,AR,4.278928921497653,2025-11-28,4.02,0.25892892149765334
2025-09-30,2025-12-31,3,12,DGS1,AR,3.5320498160584513,2025-12-31,3.48,0.05204981605845127
2025-09-30,2025-12-31,3,24,DGS2,AR,3.401555335262066,2025-12-31,3.47,-0.06844466473793398
2025-09-30,2025-12-31,3,120,DGS10,AR,4.195320672021998,2025-12-31,4.18,0.01532067202199805
2023-07-31,2024-01-31,6,12,DGS1,AR,5.134265449939724,2024-01-31,4.73,0.40426544993972335
2023-07-31,2024-01-31,6,24,DGS2,AR,4.657753935750988,2024-01-31,4.27,0.3877539357509887
2023-07-31,2024-01-31,6,120,DGS10,AR,3.9659920096532186,2024-01-31,3.99,-0.024007990346781583
2023-08-31,2024-02-29,6,12,DGS1,AR,5.048503371049235,2024-02-29,5.01,0.03850337104923529
2023-08-31,2024-02-29,6,24,DGS2,AR,4.5995571720944906,2024-02-29,4.64,-0.04044282790550913
2023-08-31,2024-02-29,6,120,DGS10,AR,4.064435844216284,2024-02-29,4.25,-0.185564155783716
2023-09-30,2024-03-31,6,12,DGS1,AR,4.991410066510079,2024-03-28,5.03,-0.0385899334899209
2023-09-30,2024-03-31,6,24,DGS2,AR,4.668542898462658,2024-03-28,4.59,0.07854289846265772
2023-09-30,2024-03-31,6,120,DGS10,AR,4.460427485301457,2024-03-28,4.2,0.26042748530145676
2023-10-31,2024-04-30,6,12,DGS1,AR,4.987170712126279,2024-04-30,5.25,-0.2628292878737213
2023-10-31,2024-04-30,6,24,DGS2,AR,4.718181628330964,2024-04-30,5.04,-0.3218183716690364
2023-10-31,2024-04-30,6,120,DGS10,AR,4.722823328865152,2024-04-30,4.69,0.0328233288651516
2023-11-30,2024-05-31,6,12,DGS1,AR,4.789083736864282,2024-05-31,5.18,-0.3909162631357175
2023-11-30,2024-05-31,6,24,DGS2,AR,4.407044902411871,2024-05-31,4.89,-0.48295509758812827
2023-11-30,2024-05-31,6,120,DGS10,AR,4.257421957471006,2024-05-31,4.51,-0.2525780425289934
2023-12-31,2024-06-30,6,12,DGS1,AR,4.6366084851477405,2024-06-28,5.09,-0.45339151485225937
2023-12-31,2024-06-30,6,24,DGS2,AR,4.101629887706052,2024-06-28,4.71,-0.6083701122939482
2023-12-31,2024-06-30,6,120,DGS10,AR,3.830476754351683,2024-06-28,4.36,-0.5295232456483174
2024-01-31,2024-07-31,6,12,DGS1,AR,4.5685867716081265,2024-07-31,4.73,-0.1614132283918739
2024-01-31,2024-07-31,6,24,DGS2,AR,4.066813591063532,2024-07-31,4.29,-0.2231864089364679
2024-01-31,2024-07-31,6,120,DGS10,AR,3.9281558816757616,2024-07-31,4.09,-0.16184411832423828
2024-02-29,2024-08-31,6,12,DGS1,AR,4.742587288647122,2024-08-30,4.38,0.36258728864712175
2024-02-29,2024-08-31,6,24,DGS2,AR,4.350015508192273,2024-08-30,3.91,0.440015508192273
2024-02-29,2024-08-31,6,120,DGS10,AR,4.136964005171701,2024-08-30,3.91,0.226964005171701
2024-03-31,2024-09-30,6,12,DGS1,AR,4.7744972837681665,2024-09-30,3.98,0.7944972837681665
2024-03-31,2024-09-30,6,24,DGS2,AR,4.348016356984152,2024-09-30,3.66,0.6880163569841518
2024-03-31,2024-09-30,6,120,DGS10,AR,4.095648925793537,2024-09-30,3.81,0.2856489257935366
2024-04-30,2024-10-31,6,12,DGS1,AR,4.888573516808689,2024-10-31,4.27,0.6185735168086897
2024-04-30,2024-10-31,6,24,DGS2,AR,4.6378365968833,2024-10-31,4.16,0.47783659688330005
2024-04-30,2024-10-31,6,120,DGS10,AR,4.508291156958954,2024-10-31,4.28,0.22829115695895386
2024-05-31,2024-11-30,6,12,DGS1,AR,4.843253980938007,2024-11-29,4.3,0.5432539809380073
2024-05-31,2024-11-30,6,24,DGS2,AR,4.527254549515566,2024-11-29,4.13,0.3972545495155657
2024-05-31,2024-11-30,6,120,DGS10,AR,4.358791646036877,2024-11-29,4.18,0.1787916460368777
2024-06-30,2024-12-31,6,12,DGS1,AR,4.777531336734007,2024-12-31,4.16,0.6175313367340065
2024-06-30,2024-12-31,6,24,DGS2,AR,4.402612433608807,2024-12-31,4.25,0.15261243360880705
2024-06-30,2024-12-31,6,120,DGS10,AR,4.228119925141049,2024-12-31,4.58,-0.35188007485895145
2024-07-31,2025-01-31,6,12,DGS1,AR,4.53809612880654,2025-01-31,4.17,0.3680961288065401
2024-07-31,2025-01-31,6,24,DGS2,AR,4.067203202589249,2025-01-31,4.22,-0.15279679741075114
2024-07-31,2025-01-31,6,120,DGS10,AR,4.014448555705819,2025-01-31,4.58,-0.5655514442941811
2024-08-31,2025-02-28,6,12,DGS1,AR,4.2633903362286905,2025-02-28,4.08,0.1833903362286904
2024-08-31,2025-02-28,6,24,DGS2,AR,3.7717412743270273,2025-02-28,3.99,-0.2182587256729729
2024-08-31,2025-02-28,6,120,DGS10,AR,3.8477536203209577,2025-02-28,4.24,-0.3922463796790425
2024-09-30,2025-03-31,6,12,DGS1,AR,3.849574175945163,2025-03-31,4.03,-0.1804258240548373
2024-09-30,2025-03-31,6,24,DGS2,AR,3.4740362409203627,2025-03-31,3.89,-0.41596375907963745
2024-09-30,2025-03-31,6,120,DGS10,AR,3.7457091945558987,2025-03-31,4.23,-0.48429080544410175
2024-10-31,2025-04-30,6,12,DGS1,AR,4.00713118594358,2025-04-30,3.85,0.15713118594357978
2024-10-31,2025-04-30,6,24,DGS2,AR,3.835404019841329,2025-04-30,3.6,0.23540401984132897
2024-10-31,2025-04-30,6,120,DGS10,AR,4.124266926028097,2025-04-30,4.17,-0.04573307397190263
2024-11-30,2025-05-31,6,12,DGS1,AR,4.001216851861933,2025-05-30,4.11,-0.108783148138067
2024-11-30,2025-05-31,6,24,DGS2,AR,3.820442917208857,2025-05-30,3.89,-0.06955708279114292
2024-11-30,2025-05-31,6,120,DGS10,AR,4.0322072791286265,2025-05-30,4.41,-0.3777927208713736
2024-12-31,2025-06-30,6,12,DGS1,AR,3.8931093635621306,2025-06-30,3.96,-0.06689063643786941
2024-12-31,2025-06-30,6,24,DGS2,AR,3.8680818594161046,2025-06-30,3.72,0.1480818594161044
2024-12-31,2025-06-30,6,120,DGS10,AR,4.371809778940696,2025-06-30,4.24,0.13180977894069557
2025-01-31,2025-07-31,6,12,DGS1,AR,3.886115877950372,2025-07-31,4.1,-0.21388412204962748
2025-01-31,2025-07-31,6,24,DGS2,AR,3.8614790985866683,2025-07-31,3.94,-0.07852090141333168
2025-01-31,2025-07-31,6,120,DGS10,AR,4.38874043332484,2025-07-31,4.37,0.01874043332484021
2025-02-28,2025-08-31,6,12,DGS1,AR,3.800248479346732,2025-08-29,3.83,-0.029751520653268138
2025-02-28,2025-08-31,6,24,DGS2,AR,3.676863285562597,2025-08-29,3.59,0.08686328556259726
2025-02-28,2025-08-31,6,120,DGS10,AR,4.093192053498269,2025-08-29,4.23,-0.13680794650173134
2025-03-31,2025-09-30,6,12,DGS1,AR,3.7507908362603515,2025-09-30,3.68,0.07079083626035132
2025-03-31,2025-09-30,6,24,DGS2,AR,3.5996727387434495,2025-09-30,3.6,-0.0003272612565505817
2025-03-31,2025-09-30,6,120,DGS10,AR,4.110132620514634,2025-09-30,4.16,-0.04986737948536657
2025-04-30,2025-10-31,6,12,DGS1,AR,3.6114212290158694,2025-10-31,3.7,-0.0885787709841308
2025-04-30,2025-10-31,6,24,DGS2,AR,3.378329522087901,2025-10-31,3.6,-0.22167047791209926
2025-04-30,2025-10-31,6,120,DGS10,AR,4.078010194357142,2025-10-31,4.11,-0.03198980564285847
2025-05-31,2025-11-30,6,12,DGS1,AR,3.7921618587684227,2025-11-28,3.61,0.18216185876842284
2025-05-31,2025-11-30,6,24,DGS2,AR,3.6147373623578596,2025-11-28,3.47,0.1447373623578594
2025-05-31,2025-11-30,6,120,DGS10,AR,4.312923305108149,2025-11-28,4.02,0.29292330510814946
2025-06-30,2025-12-31,6,12,DGS1,AR,3.7123798750641015,2025-12-31,3.48,0.23237987506410152
2025-06-30,2025-12-31,6,24,DGS2,AR,3.4727829084117747,2025-12-31,3.47,0.0027829084117745317
2025-06-30,2025-12-31,6,120,DGS10,AR,4.169949813689443,2025-12-31,4.18,-0.010050186310556875
2023-01-31,2024-01-31,12,12,DGS1,AR,4.4188040245053735,2024-01-31,4.73,-0.31119597549462696
2023-01-31,2024-01-31,12,24,DGS2,AR,3.98940867841577,2024-01-31,4.27,-0.2805913215842297
2023-01-31,2024-01-31,12,120,DGS10,AR,3.5002980536466994,2024-01-31,3.99,-0.4897019463533008
2023-02-28,2024-02-29,12,12,DGS1,AR,4.671377582702125,2024-02-29,5.01,-0.33862241729787446
2023-02-28,2024-02-29,12,24,DGS2,AR,4.381181518021131,2024-02-29,4.64,-0.25881848197886903
2023-02-28,2024-02-29,12,120,DGS10,AR,3.80094513185709,2024-02-29,4.25,-0.44905486814290985
2023-03-31,2024-03-31,12,12,DGS1,AR,4.473096145940469,2024-03-28,5.03,-0.5569038540595317
2023-03-31,2024-03-31,12,24,DGS2,AR,3.9527358195427236,2024-03-28,4.59,-0.6372641804572763
2023-03-31,2024-03-31,12,120,DGS10,AR,3.4871641071094546,2024-03-28,4.2,-0.7128358928905456
2023-04-30,2024-04-30,12,12,DGS1,AR,4.737226206018067,2024-04-30,5.25,-0.5127737939819328
2023-04-30,2024-04-30,12,24,DGS2,AR,4.091500225017072,2024-04-30,5.04,-0.9484997749829285
2023-04-30,2024-04-30,12,120,DGS10,AR,3.498414447373957,2024-04-30,4.69,-1.1915855526260435
2023-05-31,2024-05-31,12,12,DGS1,AR,5.201922750280875,2024-05-31,5.18,0.021922750280875647
2023-05-31,2024-05-31,12,24,DGS2,AR,4.471031067148333,2024-05-31,4.89,-0.4189689328516666
2023-05-31,2024-05-31,12,120,DGS10,AR,3.6853551727735336,2024-05-31,4.51,-0.8246448272264661
2023-06-30,2024-06-30,12,12,DGS1,AR,5.1886272793102854,2024-06-28,5.09,0.09862727931028559
2023-06-30,2024-06-30,12,24,DGS2,AR,4.648692236966585,2024-06-28,4.71,-0.06130776303341534
2023-06-30,2024-06-30,12,120,DGS10,AR,3.783086662449424,2024-06-28,4.36,-0.5769133375505762
2023-07-31,2024-07-31,12,12,DGS1,AR,5.1185993461828865,2024-07-31,4.73,0.38859934618288605
2023-07-31,2024-07-31,12,24,DGS2,AR,4.579991212220299,2024-07-31,4.29,0.2899912122202988
2023-07-31,2024-07-31,12,120,DGS10,AR,3.856755026567275,2024-07-31,4.09,-0.23324497343272466
2023-08-31,2024-08-31,12,12,DGS1,AR,4.970805043950035,2024-08-30,4.38,0.5908050439500352
2023-08-31,2024-08-31,12,24,DGS2,AR,4.4753719549821005,2024-08-30,3.91,0.5653719549821004
2023-08-31,2024-08-31,12,120,DGS10,AR,3.9286125262217295,2024-08-30,3.91,0.018612526221729375
2023-09-30,2024-09-30,12,12,DGS1,AR,4.770754914782225,2024-09-30,3.98,0.7907549147822253
2023-09-30,2024-09-30,12,24,DGS2,AR,4.428203016335124,2024-09-30,3.66,0.7682030163351241
2023-09-30,2024-09-30,12,120,DGS10,AR,4.2561583216261045,2024-09-30,3.81,0.44615832162610447
2023-10-31,2024-10-31,12,12,DGS1,AR,4.7342548797183515,2024-10-31,4.27,0.4642548797183519
2023-10-31,2024-10-31,12,24,DGS2,AR,4.456795638569884,2024-10-31,4.16,0.29679563856988356
2023-10-31,2024-10-31,12,120,DGS10,AR,4.5065281937219375,2024-10-31,4.28,0.22652819372193722
2023-11-30,2024-11-30,12,12,DGS1,AR,4.6036697229494425,2024-11-29,4.3,0.3036697229494427
2023-11-30,2024-11-30,12,24,DGS2,AR,4.207261467430175,2024-11-29,4.13,0.07726146743017548
2023-11-30,2024-11-30,12,120,DGS10,AR,4.077007452776669,2024-11-29,4.18,-0.10299254722333107
2023-12-31,2024-12-31,12,12,DGS1,AR,4.579474138930431,2024-12-31,4.16,0.41947413893043084
2023-12-31,2024-12-31,12,24,DGS2,AR,4.022519624583197,2024-12-31,4.25,-0.22748037541680333
2023-12-31,2024-12-31,12,120,DGS10,AR,3.7221282823035216,2024-12-31,4.58,-0.8578717176964785
2024-01-31,2025-01-31,12,12,DGS1,AR,4.468694316924306,2025-01-31,4.17,0.2986943169243057
2024-01-31,2025-01-31,12,24,DGS2,AR,3.955293303300035,2025-01-31,4.22,-0.2647066966999647
2024-01-31,2025-01-31,12,120,DGS10,AR,3.798797433329004,2025-01-31,4.58,-0.7812025666709959
2024-02-29,2025-02-28,12,12,DGS1,AR,4.571692697214274,2025-02-28,4.08,0.49169269721427433
2024-02-29,2025-02-28,12,24,DGS2,AR,4.161981806260545,2025-02-28,3.99,0.17198180626054516
2024-02-29,2025-02-28,12,120,DGS10,AR,3.9701394826570358,2025-02-28,4.24,-0.26986051734296446
2024-03-31,2025-03-31,12,12,DGS1,AR,4.626803689254901,2025-03-31,4.03,0.5968036892549007
2024-03-31,2025-03-31,12,24,DGS2,AR,4.181360191518232,2025-03-31,3.89,0.291360191518232
2024-03-31,2025-03-31,12,120,DGS10,AR,3.9407565472798014,2025-03-31,4.23,-0.289243452720199
2024-04-30,2025-04-30,12,12,DGS1,AR,4.6261707772066725,2025-04-30,3.85,0.7761707772066724
2024-04-30,2025-04-30,12,24,DGS2,AR,4.360632848227727,2025-04-30,3.6,0.7606328482277269
2024-04-30,2025-04-30,12,120,DGS10,AR,4.289495413341231,2025-04-30,4.17,0.11949541334123115
2024-05-31,2025-05-31,12,12,DGS1,AR,4.618022191616073,2025-05-30,4.11,0.5080221916160728
2024-05-31,2025-05-31,12,24,DGS2,AR,4.287366407630589,2025-05-30,3.89,0.39736640763058917
2024-05-31,2025-05-31,12,120,DGS10,AR,4.162628852314233,2025-05-30,4.41,-0.24737114768576696
2024-06-30,2025-06-30,12,12,DGS1,AR,4.589447172429412,2025-06-30,3.96,0.629447172429412
2024-06-30,2025-06-30,12,24,DGS2,AR,4.201213735431667,2025-06-30,3.72,0.48121373543166657
2024-06-30,2025-06-30,12,120,DGS10,AR,4.054441442271029,2025-06-30,4.24,-0.1855585577289709
2024-07-31,2025-07-31,12,12,DGS1,AR,4.411787101227145,2025-07-31,4.1,0.3117871012271456
2024-07-31,2025-07-31,12,24,DGS2,AR,3.937526547343169,2025-07-31,3.94,-0.0024734526568308546
2024-07-31,2025-07-31,12,120,DGS10,AR,3.8783669532154192,2025-07-31,4.37,-0.49163304678458086
2024-08-31,2025-08-31,12,12,DGS1,AR,4.16386265294763,2025-08-29,3.83,0.33386265294763007
2024-08-31,2025-08-31,12,24,DGS2,AR,3.677393998149164,2025-08-29,3.59,0.08739399814916426
2024-08-31,2025-08-31,12,120,DGS10,AR,3.7344876892832666,2025-08-29,4.23,-0.49551231071673385
2024-09-30,2025-09-30,12,12,DGS1,AR,3.7203051505884432,2025-09-30,3.68,0.040305150588443084
2024-09-30,2025-09-30,12,24,DGS2,AR,3.355718672581955,2025-09-30,3.6,-0.2442813274180451
2024-09-30,2025-09-30,12,120,DGS10,AR,3.629621889960197,2025-09-30,4.16,-0.5303781100398033
2024-10-31,2025-10-31,12,12,DGS1,AR,3.778364760168715,2025-10-31,3.7,0.07836476016871474
2024-10-31,2025-10-31,12,24,DGS2,AR,3.6042177880780564,2025-10-31,3.6,0.004217788078056284
2024-10-31,2025-10-31,12,120,DGS10,AR,3.9420028676696206,2025-10-31,4.11,-0.16799713233037972
2024-11-30,2025-11-30,12,12,DGS1,AR,3.7815352363608343,2025-11-28,3.61,0.17153523636083445
2024-11-30,2025-11-30,12,24,DGS2,AR,3.5959477414712127,2025-11-28,3.47,0.12594774147121246
2024-11-30,2025-11-30,12,120,DGS10,AR,3.8612320678351186,2025-11-28,4.02,-0.15876793216488094
2024-12-31,2025-12-31,12,12,DGS1,AR,3.634005718512164,2025-12-31,3.48,0.15400571851216416
2024-12-31,2025-12-31,12,24,DGS2,AR,3.601839263860209,2025-12-31,3.47,0.1318392638602086
2024-12-31,2025-12-31,12,120,DGS10,AR,4.1599807564906826,2025-12-31,4.18,-0.020019243509317164
