date,DGS3MO,DGS6MO,DGS1,DGS2,DGS3,DGS5,DGS7,DGS10,DGS20,DGS30,cpi_index,inflation_yoy_pct,fed_policy_rate_pct,effr_pct,fedfunds_pct,fed_policy_upper_pct,fed_policy_lower_pct,recession,n_valid_maturities,beta1_level,beta2_raw,slope_diebold_li,beta3_curvature,rmse
2008-12-31,0.11,0.27,0.37,0.76,1.0,1.55,1.87,2.25,3.05,2.69,211.398,-0.022228002553859,0.125,0.1709090909090909,0.16,0.25,0.0,1,10,3.1387079518385,-2.9492331029193597,2.9492331029193597,-3.120998179016661,0.13148767233684266
2009-01-31,0.24,0.36,0.51,0.94,1.32,1.85,2.27,2.87,3.86,3.58,211.933,-0.1135860190221271,0.125,0.157,0.15,0.25,0.0,1,10,4.053129784289658,-3.6668663528805827,3.6668663528805827,-4.470301440448546,0.1610680568087994
2009-02-28,0.26,0.45,0.72,1.0,1.4,1.99,2.69,3.02,3.98,3.71,212.705,0.0084631406715107,0.125,0.2236842105263158,0.22,0.25,0.0,1,10,4.221335741956526,-3.8084229225658914,3.8084229225658914,-4.28483075557912,0.14631301383613166
2009-03-31,0.21,0.43,0.57,0.81,1.15,1.67,2.28,2.71,3.61,3.56,212.495,-0.4464787676623838,0.125,0.1827272727272727,0.18,0.25,0.0,1,10,3.9360964288212554,-3.459681256016259,3.459681256016259,-4.749452086152556,0.1377869759064226
2009-04-30,0.14,0.29,0.49,0.91,1.38,2.02,2.7,3.16,4.1,4.05,212.709,-0.5763244243767063,0.125,0.1531818181818182,0.15,0.25,0.0,1,10,4.504080847447007,-4.22224461992122,4.22224461992122,-4.930179018966392,0.11053152728296603
2009-05-31,0.14,0.3,0.47,0.92,1.42,2.34,3.06,3.47,4.34,4.34,213.022,-1.015761495855172,0.125,0.1745,0.18,0.25,0.0,1,10,4.873716110355239,-4.63494263277236,4.63494263277236,-5.187801913408431,0.07306798362236022
2009-06-30,0.19,0.35,0.56,1.11,1.64,2.54,3.19,3.53,4.3,4.32,214.79,-1.2291746182109151,0.125,0.2077272727272727,0.21,0.25,0.0,1,10,4.808691455559441,-4.6400649191075,4.6400649191075,-4.2562743081254935,0.05725808674173511
2009-07-31,0.18,0.26,0.48,1.13,1.62,2.53,3.14,3.52,4.29,4.31,214.726,-1.958761003762277,0.125,0.1569565217391304,0.16,0.25,0.0,0,10,4.79559169283185,-4.688027419370411,4.688027419370411,-4.222642581443529,0.05185116352522857
2009-08-31,0.15,0.24,0.43,0.97,1.49,2.39,3.03,3.4,4.14,4.18,215.445,-1.4838355663267633,0.125,0.1604761904761905,0.16,0.25,0.0,0,10,4.673252268628247,-4.5478965944722205,4.5478965944722205,-4.450472868516323,0.048374022783559394
2009-09-30,0.14,0.18,0.4,0.95,1.45,2.31,2.93,3.31,4.02,4.03,215.861,-1.377942862886472,0.125,0.1461904761904761,0.15,0.25,0.0,0,10,4.52275947990954,-4.439143361321374,4.439143361321374,-4.241825109367618,0.04970536251800463
2009-10-31,0.05,0.16,0.37,0.9,1.43,2.31,2.98,3.41,4.19,4.23,216.509,-0.2239682942003384,0.125,0.1176190476190476,0.12,0.25,0.0,0,10,4.729741771838672,-4.6688666561309615,4.6688666561309615,-4.717199300545465,0.04853145195495349
2009-11-30,0.06,0.15,0.27,0.67,1.12,2.01,2.69,3.21,4.07,4.2,217.234,1.9145871744709275,0.125,0.12,0.12,0.25,0.0,0,10,4.673414064347257,-4.437074605227604,4.437074605227604,-5.8620038925612015,0.061137930468468916
2009-12-31,0.06,0.2,0.47,1.14,1.7,2.69,3.39,3.85,4.58,4.63,217.347,2.8141231232083674,0.125,0.1186363636363636,0.12,0.25,0.0,0,10,5.167347560258133,-5.180390485293074,5.180390485293074,-4.4827671669613895,0.04868351208871695
2010-01-31,0.08,0.15,0.3,0.82,1.38,2.34,3.08,3.63,4.38,4.51,217.488,2.621111388976716,0.125,0.1168421052631579,0.11,0.25,0.0,0,10,5.052416749329233,-4.911410872393696,4.911410872393696,-5.643027667457915,0.03570292776555898
2010-02-28,0.13,0.19,0.32,0.81,1.36,2.3,3.05,3.61,4.4,4.55,217.281,2.151336357866529,0.125,0.1263157894736842,0.13,0.25,0.0,0,10,5.080223962386175,-4.849626417433898,4.849626417433898,-5.92319859648017,0.035840381280750344
2010-03-31,0.16,0.24,0.41,1.02,1.6,2.55,3.28,3.84,4.55,4.72,217.353,2.2861714393279886,0.125,0.1617391304347826,0.16,0.25,0.0,0,10,5.237618511588578,-5.068648553417937,5.068648553417937,-5.356106891876535,0.027575307576219257
2010-04-30,0.16,0.25,0.41,0.97,1.51,2.43,3.12,3.69,4.36,4.53,217.403,2.2067707525304403,0.125,0.1977272727272727,0.2,0.25,0.0,0,10,5.025993291246082,-4.832288765839886,4.832288765839886,-5.236064322086993,0.028376066540823974
2010-05-31,0.16,0.22,0.34,0.76,1.26,2.1,2.75,3.31,4.05,4.22,217.29,2.003548929218568,0.125,0.2024999999999999,0.2,0.25,0.0,0,10,4.676773619568748,-4.391331877101258,4.391331877101258,-5.571888456183212,0.03776063134750171
2010-06-30,0.18,0.22,0.32,0.61,1.0,1.79,2.42,2.97,3.74,3.91,217.199,1.1215605940686268,0.125,0.1763636363636363,0.18,0.25,0.0,0,10,4.3310139577675235,-3.9305753692749983,3.9305753692749983,-5.829670331855552,0.0641113993607339
2010-07-31,0.15,0.2,0.29,0.55,0.84,1.6,2.3,2.94,3.74,3.98,217.605,1.3407784804821077,0.125,0.1819047619047619,0.18,0.25,0.0,0,10,4.374627388608012,-3.8978574273891438,3.8978574273891438,-6.493087368235646,0.1075865373458098
2010-08-31,0.14,0.19,0.25,0.47,0.72,1.33,1.92,2.47,3.23,3.52,217.923,1.1501775395112546,0.125,0.1895454545454545,0.19,0.25,0.0,0,10,3.7938502223519803,-3.3298096627866745,3.3298096627866745,-5.837585566554457,0.11730903430865323
2010-09-30,0.16,0.19,0.27,0.42,0.64,1.27,1.91,2.53,3.38,3.69,218.275,1.1183122472331777,0.125,0.1938095238095238,0.19,0.25,0.0,0,10,3.976029041992633,-3.4055952074530573,3.4055952074530573,-6.588502556922137,0.14777110088501094
2010-10-31,0.12,0.17,0.22,0.34,0.51,1.17,1.89,2.63,3.64,3.99,219.035,1.1666951489314623,0.125,0.1905,0.19,0.25,0.0,0,10,4.290533910496071,-3.6198531369484024,3.6198531369484024,-7.778659189408468,0.19886288745010883
2010-11-30,0.17,0.21,0.27,0.45,0.72,1.47,2.16,2.81,3.8,4.12,219.59,1.084544776600338,0.125,0.195,0.19,0.25,0.0,0,10,4.455891553487115,-3.8411075314902794,3.8411075314902794,-7.339825194697141,0.15189227809105937
2010-12-31,0.12,0.19,0.29,0.61,1.02,2.01,2.71,3.3,4.13,4.34,220.472,1.437793022217937,0.125,0.1834782608695652,0.18,0.25,0.0,0,10,4.82553504032593,-4.458188636171851,4.458188636171851,-6.539485087052787,0.06454159122141034
2011-01-31,0.15,0.17,0.26,0.58,0.98,1.95,2.71,3.42,4.33,4.58,221.187,1.7007834915029774,0.125,0.173,0.17,0.25,0.0,0,10,5.076838420089254,-4.611554307901297,4.611554307901297,-7.3968004588873715,0.08627997740079194
2011-02-28,0.15,0.18,0.25,0.69,1.18,2.13,2.82,3.42,4.25,4.49,221.898,2.124898173333145,0.125,0.1578947368421052,0.16,0.25,0.0,0,10,4.9651494078096485,-4.63824629965158,4.63824629965158,-6.4331867892800245,0.03988880618137609
2011-03-31,0.09,0.17,0.3,0.8,1.29,2.24,2.9,3.47,4.29,4.51,223.046,2.619241510354109,0.125,0.1382608695652174,0.14,0.25,0.0,0,10,4.965580509340633,-4.748713155501572,4.748713155501572,-5.881117095939967,0.04353752283242403
2011-04-30,0.04,0.11,0.22,0.61,1.01,1.97,2.66,3.32,4.15,4.4,224.093,3.0772344447868694,0.125,0.0957142857142857,0.1,0.25,0.0,0,10,4.859530277163007,-4.576961585923508,4.576961585923508,-6.587518165403724,0.07284416739110086
2011-05-31,0.06,0.12,0.18,0.45,0.79,1.68,2.37,3.05,3.91,4.22,224.806,3.4589718808965,0.125,0.0933333333333333,0.09,0.25,0.0,0,10,4.62881619895355,-4.216937885801379,4.216937885801379,-7.070492486966824,0.10204116938846826
2011-06-30,0.03,0.1,0.19,0.45,0.81,1.76,2.5,3.18,4.09,4.38,224.806,3.502318150636041,0.125,0.0909090909090909,0.09,0.25,0.0,0,10,4.827225222858938,-4.435319720353183,4.435319720353183,-7.319455807066036,0.10437790015924835
2011-07-31,0.1,0.16,0.2,0.36,0.55,1.35,2.09,2.82,3.77,4.12,225.395,3.5798809769996165,0.125,0.068,0.07,0.25,0.0,0,10,4.476990547347873,-3.867906398771681,3.867906398771681,-7.782544816586562,0.16512780214598693
2011-08-31,0.02,0.05,0.1,0.2,0.33,0.96,1.56,2.23,3.19,3.6,226.106,3.75499603070808,0.125,0.0978260869565217,0.1,0.25,0.0,0,10,3.811403943890424,-3.2677333437094056,3.2677333437094056,-7.251380329675485,0.19830928590654773
2011-09-30,0.02,0.06,0.13,0.25,0.42,0.96,1.43,1.92,2.66,2.9,226.597,3.812621692818685,0.125,0.0838095238095238,0.08,0.25,0.0,0,10,3.120987185632375,-2.762388091935569,2.762388091935569,-5.30807316449099,0.12625523262977703
2011-10-31,0.01,0.06,0.12,0.25,0.41,0.99,1.58,2.17,2.89,3.16,226.75,3.5222681306640524,0.125,0.072,0.07,0.25,0.0,0,10,3.4329224202984405,-3.0354124354794942,3.0354124354794942,-5.953225694249044,0.13463582026247006
2011-11-30,0.01,0.06,0.12,0.25,0.41,0.96,1.53,2.08,2.77,3.06,227.169,3.451432214581729,0.125,0.082,0.08,0.25,0.0,0,10,3.3026148728601648,-2.9237456528600596,2.9237456528600596,-5.688618866853237,0.13057335241856188
2011-12-31,0.02,0.06,0.12,0.25,0.36,0.83,1.35,1.89,2.57,2.89,227.223,3.062066838419386,0.125,0.0714285714285714,0.07,0.25,0.0,0,10,3.068464611981704,-2.6729690162781354,2.6729690162781354,-5.45450153316816,0.14827539004616472
2012-01-31,0.06,0.08,0.13,0.22,0.3,0.71,1.24,1.83,2.59,2.94,227.842,3.0087663379855023,0.125,0.0844999999999999,0.08,0.25,0.0,0,10,3.088641847302921,-2.5820473461988462,2.5820473461988462,-5.928547454301247,0.1831385749863676
2012-02-29,0.08,0.13,0.18,0.3,0.43,0.87,1.39,1.98,2.73,3.08,228.329,2.898178442347388,0.125,0.105,0.1,0.25,0.0,0,10,3.239609639599409,-2.739320483552454,2.739320483552454,-5.808886834900079,0.1721394738017507
2012-03-31,0.07,0.15,0.19,0.33,0.51,1.04,1.61,2.23,3.0,3.35,228.807,2.5828752813320977,0.125,0.1272727272727272,0.13,0.25,0.0,0,10,3.5623832208691173,-3.06674549333817,3.06674549333817,-6.1428934438317135,0.1607367668240981
2012-04-30,0.1,0.15,0.2,0.27,0.38,0.82,1.33,1.95,2.73,3.12,229.187,2.2731633741348567,0.125,0.1452380952380952,0.14,0.25,0.0,0,10,3.256362510201642,-2.685640162557127,2.685640162557127,-6.104300193503622,0.19085815987058805
2012-05-31,0.07,0.14,0.18,0.27,0.35,0.67,1.03,1.59,2.27,2.67,228.713,1.7379429374660749,0.125,0.1563636363636363,0.16,0.25,0.0,0,10,2.7086890788361373,-2.2245726637587584,2.2245726637587584,-5.071853317875512,0.1926917347796628
2012-06-30,0.09,0.16,0.21,0.33,0.41,0.72,1.11,1.67,2.38,2.76,228.524,1.653870448297634,0.125,0.1619047619047619,0.16,0.25,0.0,0,10,2.8103049091238015,-2.311412089823404,2.311412089823404,-5.1066489273365425,0.19626658940941133
2012-07-31,0.11,0.14,0.16,0.23,0.3,0.6,0.98,1.51,2.21,2.56,228.59,1.4175114798464783,0.125,0.1585714285714285,0.16,0.25,0.0,0,10,2.6241100602878156,-2.099651685878384,2.099651685878384,-5.133997196427412,0.1837054993565061
2012-08-31,0.09,0.14,0.16,0.22,0.3,0.59,1.01,1.57,2.29,2.68,229.918,1.6859349154821237,0.125,0.1321739130434782,0.13,0.25,0.0,0,10,2.735565294009346,-2.196502535743008,2.196502535743008,-5.405744399548662,0.19819193739645277
2012-09-30,0.1,0.14,0.17,0.23,0.31,0.62,1.04,1.65,2.42,2.82,231.015,1.9497168982819613,0.125,0.1494736842105263,0.14,0.25,0.0,0,10,2.8807253068298446,-2.307235276124743,2.307235276124743,-5.724079693404026,0.21179308255613824
2012-10-31,0.11,0.16,0.18,0.3,0.38,0.72,1.14,1.72,2.46,2.85,231.638,2.1556780595369363,0.125,0.1590909090909091,0.16,0.25,0.0,0,10,2.921423122179263,-2.379664588803501,2.379664588803501,-5.485427338218897,0.19571538846872324
2012-11-30,0.08,0.13,0.18,0.25,0.34,0.61,1.04,1.62,2.37,2.81,231.249,1.7960197033926262,0.125,0.161,0.16,0.25,0.0,0,10,2.834401438828045,-2.2952635416582634,2.2952635416582634,-5.523894057344682,0.2176697597635766
2012-12-31,0.05,0.11,0.16,0.25,0.36,0.72,1.18,1.78,2.54,2.95,231.221,1.7595049796895523,0.125,0.163,0.16,0.25,0.0,0,10,3.031762176424185,-2.5303294059234673,2.5303294059234673,-5.721113638666814,0.2009168132216936
2013-01-31,0.07,0.12,0.15,0.27,0.42,0.88,1.38,2.02,2.79,3.17,231.679,1.684061762098299,0.125,0.1442857142857143,0.14,0.25,0.0,0,10,3.3271934500445095,-2.8164917051445175,2.8164917051445175,-6.076004029415231,0.1785790800500026
2013-02-28,0.11,0.13,0.17,0.25,0.36,0.77,1.26,1.89,2.71,3.1,232.937,2.0181404902574807,0.125,0.1421052631578947,0.15,0.25,0.0,0,10,3.223663037497731,-2.63956308817912,2.63956308817912,-6.198590882373528,0.19976119507665874
2013-03-31,0.07,0.11,0.14,0.25,0.36,0.77,1.24,1.87,2.71,3.1,232.282,1.5187472411246183,0.125,0.1461904761904761,0.14,0.25,0.0,0,10,3.2137828965856237,-2.672789210003901,2.672789210003901,-6.137423431255348,0.20449094590139433
2013-04-30,0.05,0.09,0.11,0.22,0.32,0.68,1.11,1.7,2.49,2.88,231.797,1.138808047576867,0.125,0.145,0.15,0.25,0.0,0,10,2.9628681735983786,-2.466654337480695,2.466654337480695,-5.734116066830536,0.1994435367329202
2013-05-31,0.04,0.07,0.14,0.3,0.52,1.05,1.55,2.16,2.95,3.3,231.893,1.3903888279197083,0.125,0.1086363636363636,0.11,0.25,0.0,0,10,3.4950221169598183,-3.0787319030988103,3.0787319030988103,-5.955107891780658,0.15512756002267017
2013-06-30,0.04,0.1,0.15,0.36,0.66,1.41,1.96,2.52,3.22,3.52,232.445,1.7157935271568725,0.125,0.0955,0.09,0.25,0.0,0,10,3.8362061494754967,-3.5028228265961956,3.5028228265961956,-5.845496928831702,0.08514998847096394
2013-07-31,0.04,0.08,0.11,0.31,0.61,1.38,2.0,2.6,3.34,3.64,232.9,1.885471805415806,0.125,0.0922727272727272,0.09,0.25,0.0,0,10,3.9932298974745972,-3.6213605344937534,3.6213605344937534,-6.3771053699863565,0.08978151641064931
2013-08-31,0.03,0.05,0.13,0.39,0.79,1.62,2.24,2.78,3.46,3.7,233.456,1.538809488600279,0.125,0.0827272727272727,0.08,0.25,0.0,0,10,4.108397424503116,-3.867849178692875,3.867849178692875,-5.830386882390524,0.046263333441173095
2013-09-30,0.02,0.04,0.1,0.33,0.63,1.39,2.02,2.64,3.41,3.69,233.544,1.0947341081747997,0.125,0.081,0.08,0.25,0.0,0,10,4.051746620869217,-3.7130832637716313,3.7130832637716313,-6.405484503823844,0.09484987515476581
2013-10-31,0.04,0.08,0.1,0.31,0.57,1.31,1.95,2.57,3.33,3.63,233.669,0.8767991434911471,0.125,0.0854545454545454,0.09,0.25,0.0,0,10,3.976247417433332,-3.5784509864888525,3.5784509864888525,-6.508727752411268,0.10395052433313144
2013-11-30,0.06,0.11,0.13,0.28,0.56,1.37,2.1,2.75,3.54,3.82,234.1,1.2328701961954458,0.125,0.0847368421052631,0.08,0.25,0.0,0,10,4.232866230528962,-3.766120126185944,3.766120126185944,-7.0707437864048215,0.10688898946941225
2013-12-31,0.07,0.1,0.13,0.38,0.78,1.75,2.45,3.04,3.72,3.96,234.719,1.5128383667573295,0.125,0.0861904761904761,0.09,0.25,0.0,0,10,4.452278675981726,-4.130250080112219,4.130250080112219,-6.5122204307699905,0.052877865117616565
2014-01-31,0.02,0.06,0.1,0.34,0.69,1.49,2.13,2.67,3.35,3.61,235.288,1.557758795574915,0.125,0.0714285714285714,0.07,0.25,0.0,0,10,4.000310849926774,-3.7227085463467304,3.7227085463467304,-5.97275090485121,0.059543828036667426
2014-02-28,0.05,0.08,0.12,0.33,0.69,1.51,2.13,2.66,3.31,3.59,235.547,1.1204746347724948,0.125,0.0673684210526315,0.07,0.25,0.0,0,10,3.974682126819656,-3.6715030560977997,3.6715030560977997,-5.940076998127003,0.0545741989771404
2014-03-31,0.05,0.07,0.13,0.44,0.9,1.73,2.3,2.73,3.31,3.56,236.028,1.6126949139408042,0.125,0.079047619047619,0.08,0.25,0.0,0,10,3.9488615332408363,-3.7893985612900813,3.7893985612900813,-5.072119792040493,0.0257231167507974
2014-04-30,0.03,0.05,0.11,0.42,0.87,1.69,2.25,2.67,3.22,3.47,236.468,2.015125303606169,0.125,0.0904545454545454,0.09,0.25,0.0,0,10,3.851912692799365,-3.722389185544516,3.722389185544516,-4.924056925280672,0.02746637465825303
2014-05-31,0.04,0.06,0.1,0.37,0.79,1.54,2.06,2.48,3.05,3.33,236.918,2.166947687079812,0.125,0.0871428571428571,0.09,0.25,0.0,0,10,3.65901523558387,-3.4802344152931894,3.4802344152931894,-4.93843070077279,0.02958553168139432
2014-06-30,0.04,0.07,0.11,0.47,0.88,1.62,2.13,2.53,3.08,3.34,237.231,2.0589816945944195,0.125,0.0957142857142857,0.1,0.25,0.0,0,10,3.666142459422556,-3.5380776190184666,3.5380776190184666,-4.580025202046102,0.022824377100744763
2014-07-31,0.03,0.05,0.12,0.53,1.02,1.76,2.24,2.58,3.07,3.32,237.498,1.9742378703305972,0.125,0.0913636363636363,0.09,0.25,0.0,0,10,3.6457392599740004,-3.6247571238262806,3.6247571238262806,-3.9926252560991156,0.03561988307539927
2014-08-31,0.03,0.05,0.09,0.48,0.94,1.63,2.05,2.35,2.83,3.09,237.46,1.7150983482969062,0.125,0.089047619047619,0.09,0.25,0.0,0,10,3.3698943771654424,-3.3434606166014667,3.3434606166014667,-3.745879492219813,0.041318652366218504
2014-09-30,0.02,0.03,0.13,0.58,1.07,1.78,2.22,2.52,2.98,3.21,237.477,1.6840509711232077,0.125,0.0885714285714285,0.09,0.25,0.0,0,10,3.515837147045189,-3.5618728567310365,3.5618728567310365,-3.491757552608025,0.04215502501155081
2014-10-31,0.01,0.05,0.11,0.5,0.95,1.62,2.05,2.35,2.81,3.07,237.43,1.6095417021513292,0.125,0.0886363636363636,0.09,0.25,0.0,0,10,3.341558255526842,-3.3360031173747617,3.3360031173747617,-3.610473019701497,0.03654997621741133
2014-11-30,0.02,0.07,0.13,0.47,0.88,1.49,1.89,2.18,2.62,2.89,236.983,1.231524989320798,0.125,0.095,0.09,0.25,0.0,0,10,3.1217019443238985,-3.0791815881931766,3.0791815881931766,-3.45648792298013,0.03529324390677418
2014-12-31,0.04,0.12,0.25,0.67,1.1,1.65,1.97,2.17,2.47,2.75,236.252,0.6531213919623191,0.125,0.1213636363636363,0.12,0.25,0.0,0,10,2.9171848844817703,-2.9826352630638633,2.9826352630638633,-2.1772361091068815,0.05123910932627279
2015-01-31,0.02,0.07,0.18,0.47,0.77,1.18,1.49,1.68,2.04,2.25,234.747,-0.2299309782054281,0.125,0.1165,0.11,0.25,0.0,0,10,2.3876217745443302,-2.3723349938413305,2.3723349938413305,-2.3219377152710345,0.03501971086226572
2015-02-28,0.02,0.07,0.22,0.63,1.01,1.5,1.82,2.0,2.38,2.6,235.342,-0.0870314629352053,0.125,0.1136842105263157,0.11,0.25,0.0,0,10,2.7615410827878435,-2.8305216929059855,2.8305216929059855,-2.181750650013284,0.03980703683508316
2015-03-31,0.03,0.14,0.26,0.56,0.89,1.37,1.71,1.94,2.31,2.54,235.976,-0.0220312844238734,0.125,0.1136363636363636,0.11,0.25,0.0,0,10,2.700600862206296,-2.656800629380201,2.656800629380201,-2.5328116727341032,0.035755692663565944
2015-04-30,0.01,0.06,0.24,0.58,0.91,1.43,1.79,2.05,2.49,2.75,236.222,-0.1040309893939106,0.125,0.1245454545454545,0.12,0.25,0.0,0,10,2.910686852706494,-2.899874646701578,2.899874646701578,-2.84893462613402,0.045453723655812114
2015-05-31,0.01,0.06,0.26,0.61,0.94,1.49,1.86,2.12,2.63,2.88,237.001,0.0350332182442958,0.125,0.1245,0.12,0.25,0.0,0,10,3.049034188755341,-3.028770865479271,3.028770865479271,-3.0261034271332585,0.05364773478344671
2015-06-30,0.01,0.11,0.28,0.64,1.01,1.63,2.07,2.35,2.83,3.11,237.657,0.1795718097550525,0.125,0.1286363636363636,0.13,0.25,0.0,0,10,3.3179413613751434,-3.282934235579477,3.282934235579477,-3.2972613923524303,0.044074107076255496
2015-07-31,0.08,0.14,0.33,0.67,1.0,1.54,1.93,2.2,2.61,2.92,238.034,0.2256861110409458,0.125,0.1304347826086956,0.13,0.25,0.0,0,10,3.0722491749099956,-2.9850651788980773,2.9850651788980773,-2.9397121827748043,0.05089637590027354
2015-08-31,0.08,0.27,0.39,0.74,1.07,1.54,1.94,2.21,2.64,2.95,238.033,0.2413037985344868,0.125,0.1419047619047619,0.14,0.25,0.0,0,10,3.0750646161448287,-2.9308839487141825,2.9308839487141825,-2.8469164939325946,0.06856825941114
2015-09-30,0.0,0.08,0.33,0.64,0.92,1.37,1.75,2.06,2.51,2.87,237.498,0.00884296163417,0.125,0.1352380952380952,0.14,0.25,0.0,0,10,2.9498552989976763,-2.892206477047965,2.892206477047965,-2.967116494427523,0.09135273360470374
2015-10-31,0.08,0.23,0.34,0.75,1.05,1.52,1.88,2.16,2.57,2.93,237.733,0.127616560670507,0.125,0.1242857142857142,0.12,0.25,0.0,0,10,3.0201044773596193,-2.9022218131636857,2.9022218131636857,-2.781769107866152,0.07545619543509385
2015-11-30,0.22,0.42,0.51,0.94,1.24,1.65,1.99,2.21,2.63,2.98,238.017,0.4363182169185187,0.125,0.1189473684210526,0.12,0.25,0.0,0,10,3.0348950471963567,-2.784477482189778,2.784477482189778,-2.4042575442089325,0.0852421963527045
2015-12-31,0.16,0.49,0.65,1.06,1.31,1.76,2.09,2.27,2.67,3.01,237.761,0.6387247515364791,0.375,0.2318181818181818,0.24,0.5,0.25,0,10,3.040776497810234,-2.8356698479007614,2.8356698479007614,-1.920680406426869,0.09697611453101986
2016-01-31,0.33,0.43,0.47,0.76,0.97,1.33,1.67,1.94,2.36,2.75,237.652,1.2375025026943876,0.375,0.3626315789473684,0.34,0.5,0.25,0,10,2.7854872097279695,-2.32510570031683,2.32510570031683,-3.0854540187664083,0.09774078203119754
2016-02-29,0.33,0.49,0.62,0.78,0.91,1.22,1.52,1.74,2.19,2.61,237.336,0.8472775790126619,0.375,0.374,0.38,0.5,0.25,0,10,2.5604979782249377,-2.0328795645644036,2.0328795645644036,-2.8232374973446435,0.13567906992772316
2016-03-31,0.21,0.39,0.59,0.73,0.87,1.21,1.54,1.78,2.2,2.61,238.08,0.8916160965521946,0.375,0.361304347826087,0.36,0.5,0.25,0,10,2.580468886769982,-2.1819292692335104,2.1819292692335104,-2.746495681262696,0.13364285511023727
2016-04-30,0.22,0.4,0.56,0.77,0.92,1.28,1.6,1.83,2.26,2.66,238.992,1.1726257503534845,0.375,0.3666666666666667,0.37,0.5,0.25,0,10,2.641635306356584,-2.260460464409614,2.260460464409614,-2.6996136281405176,0.12330460659944696
2016-05-31,0.34,0.49,0.68,0.87,1.03,1.37,1.66,1.84,2.23,2.64,239.557,1.0784764621246223,0.375,0.3661904761904762,0.37,0.5,0.25,0,10,2.597340661897919,-2.133805929514756,2.133805929514756,-2.366146463025731,0.11818706119475257
2016-06-30,0.26,0.36,0.45,0.58,0.71,1.01,1.29,1.49,1.86,2.3,240.222,1.0792865347959424,0.375,0.3768181818181818,0.38,0.5,0.25,0,10,2.2483561236875538,-1.810150379832903,1.810150379832903,-2.7607297199713043,0.11933546285850466
2016-07-31,0.28,0.38,0.5,0.67,0.76,1.03,1.29,1.46,1.78,2.18,240.101,0.8683633430518256,0.375,0.3955,0.39,0.5,0.25,0,10,2.1207680701437273,-1.7086765293793633,1.7086765293793633,-2.2490956904357153,0.11119302265878316
2016-08-31,0.33,0.47,0.61,0.8,0.92,1.19,1.45,1.58,1.9,2.23,240.545,1.0553158595656864,0.375,0.3956521739130434,0.4,0.5,0.25,0,10,2.196660836380898,-1.7707697149535677,1.7707697149535677,-1.8733632891285357,0.09610191497168939
2016-09-30,0.29,0.45,0.59,0.77,0.88,1.14,1.42,1.6,1.99,2.32,241.176,1.5486446201652182,0.375,0.3947619047619048,0.4,0.5,0.25,0,10,2.2882888567657673,-1.8517656453928746,1.8517656453928746,-2.230503931257465,0.11450147850171617
2016-10-31,0.34,0.51,0.66,0.86,1.0,1.31,1.62,1.84,2.25,2.58,241.741,1.685924966243646,0.375,0.4024999999999999,0.4,0.5,0.25,0,10,2.5803150150495457,-2.091703624241251,2.091703624241251,-2.4723209033571276,0.1114452280600671
2016-11-30,0.48,0.62,0.8,1.11,1.4,1.83,2.18,2.37,2.73,3.02,242.026,1.6843334719788938,0.375,0.4049999999999999,0.41,0.5,0.25,0,10,3.111781761089443,-2.6195867585247647,2.6195867585247647,-2.227114356682403,0.059643088466761425
2016-12-31,0.51,0.62,0.85,1.2,1.47,1.93,2.25,2.45,2.79,3.06,242.637,2.0507989115119862,0.625,0.5357142857142857,0.54,0.75,0.5,0,10,3.158085128104579,-2.6813597584741413,2.6813597584741413,-2.0057885162768816,0.05196660558104581
2017-01-31,0.52,0.64,0.84,1.19,1.46,1.9,2.24,2.45,2.78,3.05,243.618,2.510393348257112,0.625,0.655,0.65,0.75,0.5,0,10,3.1536533624118275,-2.6524137068641633,2.6524137068641633,-2.0840113527659128,0.050852735401539284
2017-02-28,0.53,0.69,0.88,1.22,1.49,1.89,2.19,2.36,2.7,2.97,244.006,2.8103616813294208,0.625,0.6552631578947369,0.66,0.75,0.5,0,10,3.037457619940545,-2.522340532200831,2.522340532200831,-1.8058200464467777,0.05935154293602182
2017-03-31,0.76,0.91,1.03,1.27,1.5,1.93,2.22,2.4,2.76,3.02,243.892,2.44119623655914,0.875,0.7865217391304348,0.79,1.0,0.75,0,10,3.1061537223079667,-2.2846721729625212,2.2846721729625212,-2.2608801712868187,0.06022787535830393
2017-04-30,0.8,0.99,1.07,1.28,1.45,1.81,2.1,2.29,2.67,2.96,244.193,2.176223471915395,0.875,0.906,0.9,1.0,0.75,0,10,3.0001424093059836,-2.0704911946394193,2.0704911946394193,-2.3765187502900176,0.08570163575956484
2017-05-31,0.98,1.08,1.17,1.28,1.44,1.75,2.02,2.21,2.6,2.87,244.004,1.856343166761976,0.875,0.9063636363636364,0.91,1.0,0.75,0,10,2.908311502340753,-1.7778928996221945,1.7778928996221945,-2.55242006181518,0.0837389229143165
2017-06-30,1.03,1.14,1.24,1.38,1.55,1.89,2.14,2.31,2.61,2.84,244.163,1.640565809959127,1.125,1.0418181818181818,1.04,1.25,1.0,0,10,2.9050779175484185,-1.784567443565061,1.784567443565061,-2.0930019729587555,0.05769492709492983
2017-07-31,1.07,1.13,1.23,1.34,1.51,1.84,2.11,2.3,2.66,2.89,244.243,1.7251073506566073,1.125,1.1555,1.15,1.25,1.0,0,10,2.9631959209364114,-1.7747559745597865,1.7747559745597865,-2.4836093241231296,0.06404770254947023
2017-08-31,1.01,1.08,1.23,1.33,1.44,1.7,1.95,2.12,2.47,2.73,245.183,1.92812155729698,1.125,1.156086956521739,1.16,1.25,1.0,0,10,2.73887487103885,-1.603193085019931,1.603193085019931,-2.1815665289849138,0.08853350830362135
2017-09-30,1.06,1.2,1.31,1.47,1.62,1.92,2.16,2.33,2.63,2.86,246.435,2.1805652303711787,1.125,1.1549999999999998,1.15,1.25,1.0,0,10,2.9004096739152514,-1.7481532340055848,1.7481532340055848,-1.902622218408669,0.06723059151844621
2017-10-31,1.15,1.28,1.43,1.6,1.73,2.01,2.23,2.38,2.66,2.88,246.626,2.020757753132485,1.125,1.1557142857142857,1.15,1.25,1.0,0,10,2.9033922457529244,-1.688575432470365,1.688575432470365,-1.6026185334196308,0.06742759512161518
2017-11-30,1.27,1.44,1.62,1.78,1.9,2.14,2.31,2.42,2.65,2.83,247.284,2.172493864295566,1.125,1.1557142857142857,1.16,1.25,1.0,0,10,2.8328953200876,-1.528109420548661,1.528109420548661,-0.9880074331640536,0.0641205491690795
2017-12-31,1.39,1.53,1.76,1.89,1.98,2.2,2.33,2.4,2.58,2.74,247.805,2.129930719552253,1.375,1.2985,1.3,1.5,1.25,0,10,2.7245250222960005,-1.3335567175187946,1.3335567175187946,-0.5660358402594552,0.06035336993779265
2018-01-31,1.46,1.66,1.9,2.14,2.29,2.52,2.66,2.72,2.83,2.95,248.859,2.151318868063945,1.375,1.4161904761904762,1.41,1.5,1.25,0,10,2.964171604037191,-1.5863278555229303,1.5863278555229303,-0.001289276869655076,0.036934421793228575
2018-02-28,1.65,1.86,2.07,2.25,2.42,2.65,2.8,2.87,3.02,3.13,249.529,2.263468931091861,1.375,1.4163157894736842,1.42,1.5,1.25,0,10,3.158492037973197,-1.544789174738694,1.544789174738694,-0.3059246739613499,0.04279487172099198
2018-03-31,1.73,1.93,2.09,2.27,2.39,2.56,2.68,2.74,2.85,2.97,249.577,2.3309497646499366,1.625,1.5054545454545454,1.51,1.75,1.5,0,10,2.967004843712279,-1.263092534789203,1.263092534789203,-0.16111150103542915,0.041944214398493315
2018-04-30,1.87,2.04,2.24,2.49,2.62,2.79,2.91,2.95,3.01,3.11,250.227,2.4709963021052994,1.625,1.6923809523809523,1.69,1.75,1.5,0,10,3.11620134848861,-1.348148160197837,1.348148160197837,0.23276495069862335,0.025436111663152832
2018-05-31,1.93,2.08,2.23,2.4,2.54,2.68,2.78,2.83,2.91,3.0,250.792,2.781921607842497,1.625,1.7,1.7,1.75,1.5,0,10,3.008946113015538,-1.134845464959169,1.134845464959169,-0.030611563913357287,0.025318877258839197
2018-06-30,1.93,2.11,2.33,2.52,2.63,2.73,2.81,2.85,2.91,2.98,251.018,2.8075506935940187,1.875,1.820952380952381,1.82,2.0,1.75,0,10,2.961446963505076,-1.1124933731507824,1.1124933731507824,0.436686128556361,0.03351944188682671
2018-07-31,2.03,2.21,2.44,2.67,2.77,2.85,2.92,2.96,3.03,3.08,251.214,2.854124785561929,1.875,1.91,1.91,2.0,1.75,0,10,3.0573528295116508,-1.1271916364694992,1.1271916364694992,0.5886701921190873,0.034048227512941356
2018-08-31,2.11,2.28,2.46,2.62,2.7,2.74,2.81,2.86,2.95,3.02,251.663,2.642923856874257,1.875,1.914782608695652,1.91,2.0,1.75,0,10,2.9812075157410005,-0.9094196296316239,0.9094196296316239,0.27326300401343584,0.0465726112517184
2018-09-30,2.19,2.36,2.59,2.81,2.88,2.94,3.01,3.05,3.13,3.19,252.182,2.332055105808828,2.125,1.9489473684210528,1.95,2.25,2.0,0,10,3.151536623360416,-1.0451870228692646,1.0451870228692646,0.5372765274916436,0.04333707686877792
2018-10-31,2.34,2.49,2.69,2.87,2.93,2.98,3.07,3.15,3.3,3.39,252.772,2.492032470218053,2.125,2.188181818181818,2.19,2.25,2.0,0,10,3.3458740590284255,-1.0251298581508261,1.0251298581508261,-0.02450190399447294,0.06324215695739661
2018-11-30,2.37,2.52,2.7,2.8,2.83,2.84,2.92,3.01,3.19,3.3,252.594,2.147328577667773,2.125,2.1990000000000003,2.2,2.25,2.0,0,10,3.2288601637004573,-0.8133983952362107,0.8133983952362107,-0.27389668184766336,0.08327595159436696
2018-12-31,2.45,2.56,2.63,2.48,2.46,2.51,2.59,2.69,2.87,3.02,252.767,2.0023809043401064,2.375,2.2670000000000003,2.27,2.5,2.25,0,10,2.9614595162431328,-0.31296008331182223,0.31296008331182223,-1.2044221559125505,0.08964772056229961
2019-01-31,2.41,2.46,2.55,2.45,2.43,2.43,2.51,2.63,2.83,2.99,252.561,1.4875893578291333,2.375,2.4,2.4,2.5,2.25,0,10,2.9154374003402914,-0.33401339489642856,0.33401339489642856,-1.2180271416395234,0.09341902358852779
2019-02-28,2.45,2.5,2.54,2.52,2.5,2.52,2.63,2.73,2.94,3.09,253.319,1.5188615351321877,2.375,2.4,2.4,2.5,2.25,0,10,3.0368140709557725,-0.4378412568852952,0.4378412568852952,-1.2515989464905566,0.08010218380900015
2019-03-31,2.4,2.44,2.4,2.27,2.21,2.23,2.31,2.41,2.63,2.81,254.277,1.8831863513063984,2.375,2.403809523809524,2.41,2.5,2.25,0,10,2.73995686414775,-0.10843653788177399,0.10843653788177399,-1.6548298603478155,0.08818892330374666
2019-04-30,2.43,2.46,2.39,2.27,2.24,2.28,2.39,2.51,2.75,2.93,255.233,2.000583470209061,2.375,2.4231818181818183,2.42,2.5,2.25,0,10,2.8874271277958883,-0.21794367274003146,0.21794367274003146,-1.9371736594585816,0.08226338841831861
2019-05-31,2.35,2.35,2.21,1.95,1.9,1.93,2.03,2.14,2.39,2.58,255.296,1.7959105553606136,2.375,2.3927272727272726,2.39,2.5,2.25,0,10,2.5373890165593616,0.13203586468525264,-0.13203586468525264,-2.3768332788361217,0.08567827749239347
2019-06-30,2.12,2.09,1.92,1.75,1.71,1.76,1.87,2.0,2.31,2.52,255.213,1.671194894390049,2.375,2.3755,2.38,2.5,2.25,0,10,2.4817281278571874,-0.057132133748186265,0.057132133748186265,-2.6369544084757788,0.08839669265251307
2019-07-31,2.08,2.1,2.0,1.89,1.84,1.84,1.92,2.02,2.31,2.53,255.802,1.826331335037068,2.375,2.402727272727273,2.4,2.5,2.25,0,10,2.438700418972058,-0.09959884765266969,0.09959884765266969,-2.0060296129055395,0.10257854280025991
2019-08-31,1.99,1.89,1.76,1.5,1.42,1.39,1.45,1.5,1.78,1.96,256.036,1.7376412106666406,2.125,2.125,2.13,2.25,2.0,0,10,1.8840274285244514,0.3929756172899672,-0.3929756172899672,-2.2181048529986116,0.08806375139343187
2019-09-30,1.88,1.83,1.75,1.63,1.56,1.55,1.62,1.68,1.94,2.12,256.43,1.6844977040391562,1.875,2.0525,2.04,2.0,1.75,0,10,2.0416625694425976,0.05694166649402321,-0.05694166649402321,-1.797756848405959,0.08591427172434944
2019-10-31,1.54,1.57,1.53,1.52,1.52,1.51,1.6,1.69,2.0,2.17,257.155,1.7339736996186297,1.625,1.83,1.83,1.75,1.5,0,10,2.096823532332376,-0.37362732417959177,0.37362732417959177,-1.6201902983100074,0.0969897071445729
2019-11-30,1.59,1.63,1.6,1.61,1.61,1.62,1.73,1.78,2.07,2.21,257.879,2.092290394862917,1.625,1.5526315789473684,1.55,1.75,1.5,0,10,2.1565354386867903,-0.41220699130292515,0.41220699130292515,-1.4100684411323297,0.08274662084441185
2019-12-31,1.55,1.6,1.59,1.58,1.62,1.69,1.83,1.92,2.25,2.39,258.63,2.3195274699624457,1.625,1.5509523809523809,1.55,1.75,1.5,0,10,2.3712080778741864,-0.6471501344115402,0.6471501344115402,-1.7664664660840304,0.08211151965796255
2020-01-31,1.55,1.54,1.45,1.33,1.3,1.32,1.42,1.51,1.83,1.99,259.127,2.599767976845202,1.625,1.551904761904762,1.55,1.75,1.5,0,10,1.9436859397557358,-0.14782483180572936,0.14782483180572936,-2.0886139319921924,0.0895160914214379
2020-02-29,1.27,1.11,0.97,0.86,0.85,0.89,1.03,1.13,1.46,1.65,259.25,2.34131667975952,1.625,1.5836842105263158,1.58,1.75,1.5,1,10,1.6363655005647773,-0.13792315544157496,0.13792315544157496,-2.6630442491729216,0.07636200871332706
2020-03-31,0.11,0.15,0.17,0.23,0.29,0.37,0.55,0.7,1.15,1.35,258.076,1.4940399642909163,0.125,0.6254545454545455,0.65,0.25,0.0,1,10,1.313806396790947,-1.0086633397113731,1.0086633397113731,-2.285680971958924,0.1162796630293102
2020-04-30,0.09,0.11,0.16,0.2,0.24,0.36,0.53,0.64,1.05,1.28,256.032,0.3130472940411133,0.125,0.0486363636363636,0.05,0.25,0.0,1,10,1.2298900579117815,-0.9642643076817066,0.9642643076817066,-2.1420064487894974,0.10809373063586991
2020-05-31,0.14,0.18,0.17,0.16,0.19,0.3,0.5,0.65,1.18,1.41,255.802,0.1982013035848551,0.125,0.05,0.05,0.25,0.0,0,10,1.3679342449743235,-0.9542993727510721,0.9542993727510721,-2.8408753140239895,0.13447067934663298
2020-06-30,0.16,0.18,0.16,0.16,0.18,0.29,0.49,0.66,1.18,1.41,257.042,0.7166562831830481,0.125,0.0768181818181818,0.08,0.25,0.0,0,10,1.3742946696633183,-0.9418011347979013,0.9418011347979013,-2.9135298461046677,0.1320513424200027
2020-07-31,0.09,0.1,0.11,0.11,0.11,0.21,0.39,0.55,0.98,1.2,258.352,0.9968647625897996,0.125,0.0934782608695652,0.09,0.25,0.0,0,10,1.1601651005429938,-0.8362074142115837,0.8362074142115837,-2.5132945012523678,0.11707403577236965
2020-08-31,0.11,0.13,0.12,0.14,0.15,0.28,0.5,0.72,1.26,1.49,259.316,1.2810698495523851,0.125,0.0947619047619047,0.1,0.25,0.0,0,10,1.4701483484847728,-1.0739704481123586,1.0739704481123586,-3.1381877752365193,0.1380624417535187
2020-09-30,0.1,0.11,0.12,0.13,0.16,0.28,0.47,0.69,1.23,1.46,259.997,1.3910228912373812,0.125,0.09,0.09,0.25,0.0,0,10,1.4296157675974013,-1.057141065300595,1.057141065300595,-3.029828321904033,0.13943441396271838
2020-10-31,0.09,0.11,0.13,0.14,0.19,0.38,0.64,0.88,1.43,1.65,260.319,1.2303863428671624,0.125,0.09,0.09,0.25,0.0,0,10,1.6718810460326103,-1.3000612594301835,1.3000612594301835,-3.3415440331748743,0.1277768838684444
2020-11-30,0.08,0.09,0.11,0.16,0.19,0.36,0.62,0.84,1.37,1.58,260.911,1.1757452138405844,0.125,0.0868421052631578,0.09,0.25,0.0,0,10,1.5959469475132937,-1.2608984393805216,1.2608984393805216,-3.132909357488655,0.12439031623671244
2020-12-31,0.09,0.09,0.1,0.13,0.17,0.36,0.65,0.93,1.45,1.65,262.045,1.3204191315779434,0.125,0.09,0.09,0.25,0.0,0,10,1.7029516594604401,-1.3354624832913422,1.3354624832913422,-3.4494210662438554,0.11967568039113324
2021-01-31,0.06,0.07,0.1,0.11,0.19,0.45,0.79,1.11,1.68,1.87,262.687,1.3738437137002402,0.125,0.0852631578947368,0.09,0.25,0.0,0,10,1.9712779369942588,-1.6099606754379818,1.6099606754379818,-3.8839020905451918,0.11902973106226464
2021-02-28,0.04,0.05,0.08,0.14,0.3,0.75,1.15,1.44,2.08,2.17,263.579,1.6698167791706853,0.125,0.0757894736842105,0.08,0.25,0.0,0,10,2.4019287824885875,-2.1092074087040613,2.1092074087040613,-4.167705211049645,0.08197336208831475
2021-03-31,0.03,0.05,0.07,0.16,0.35,0.92,1.4,1.74,2.31,2.41,264.961,2.6678187820641908,0.125,0.0695652173913043,0.07,0.25,0.0,0,10,2.718839536363017,-2.449863337927983,2.449863337927983,-4.476742542877603,0.06020228145447567
2021-04-30,0.01,0.03,0.05,0.16,0.35,0.86,1.32,1.65,2.19,2.3,266.614,4.133077115360573,0.125,0.0686363636363636,0.07,0.25,0.0,0,10,2.5789393771700864,-2.3494916498517897,2.3494916498517897,-4.2049944744500865,0.057109855715463315
2021-05-31,0.01,0.03,0.05,0.14,0.3,0.79,1.24,1.58,2.18,2.26,268.383,4.918257089467626,0.125,0.0595,0.06,0.25,0.0,0,10,2.5369840064522355,-2.275375680444649,2.275375680444649,-4.335643430508949,0.07334422891123331
2021-06-30,0.05,0.06,0.07,0.25,0.46,0.87,1.21,1.45,2.0,2.06,270.654,5.295632620349999,0.125,0.0772727272727272,0.08,0.25,0.0,0,10,2.283413474131075,-2.0969406204061,2.0969406204061,-3.344643617394946,0.051918639245955626
2021-07-31,0.06,0.05,0.07,0.19,0.35,0.69,1.0,1.24,1.81,1.89,271.903,5.245169381309234,0.125,0.0985714285714285,0.1,0.25,0.0,0,10,2.0642752368208015,-1.8268865971999508,1.8268865971999508,-3.371860475662308,0.0732448972520312
2021-08-31,0.04,0.06,0.07,0.2,0.4,0.77,1.08,1.3,1.85,1.92,272.676,5.152015301793966,0.125,0.0931818181818181,0.09,0.25,0.0,0,10,2.111251250414102,-1.9143107082262463,1.9143107082262463,-3.2386497731452537,0.06033026885991848
2021-09-30,0.04,0.05,0.09,0.28,0.53,0.98,1.32,1.52,2.02,2.08,273.91,5.351215590949132,0.125,0.079047619047619,0.08,0.25,0.0,0,10,2.315631131361709,-2.190897644323069,2.190897644323069,-3.057624680675204,0.035081225224703215
2021-10-31,0.05,0.07,0.15,0.48,0.75,1.18,1.44,1.55,1.98,1.93,276.55,6.235042390298062,0.125,0.0795,0.08,0.25,0.0,0,10,2.1746519553959267,-2.1930277496135884,2.1930277496135884,-1.842632300874206,0.046508474318772974
2021-11-30,0.05,0.1,0.24,0.52,0.81,1.14,1.36,1.43,1.85,1.78,278.919,6.901970403700863,0.125,0.0795,0.08,0.25,0.0,0,10,1.9773672800063777,-2.007838448116196,2.007838448116196,-1.3115449200097857,0.04819958978440342
2021-12-31,0.06,0.19,0.39,0.73,0.97,1.26,1.44,1.52,1.94,1.9,280.845,7.174340285065539,0.125,0.0795652173913043,0.08,0.25,0.0,0,10,2.030336258745816,-2.0561387506554936,2.0561387506554936,-0.8528332109941701,0.052882862467565434
2022-01-31,0.22,0.49,0.78,1.18,1.39,1.62,1.75,1.79,2.17,2.11,282.543,7.558805726967832,0.125,0.08,0.08,0.25,0.0,0,10,2.1762928657613485,-2.0815146415335897,2.0815146415335897,0.1620572711275008,0.06774533846783028
2022-02-28,0.35,0.69,1.01,1.44,1.62,1.71,1.81,1.83,2.25,2.17,284.5,7.937278766517819,0.125,0.08,0.08,0.25,0.0,0,10,2.167438362201547,-1.9341566495527602,1.9341566495527602,0.6646037682360113,0.1040495565882338
2022-03-31,0.52,1.06,1.63,2.28,2.45,2.42,2.4,2.32,2.59,2.44,287.674,8.572204966013853,0.375,0.1995652173913043,0.2,0.5,0.25,0,10,2.3270049741132066,-2.1346534735161264,2.1346534735161264,3.257481485803196,0.11486515945962818
2022-04-30,0.85,1.41,2.1,2.7,2.87,2.92,2.94,2.89,3.14,2.96,288.561,8.231750770777225,0.375,0.33,0.33,0.5,0.25,0,10,2.8891380344657813,-2.3711739560172793,2.3711739560172793,3.268669428625868,0.11354891027303651
2022-05-31,1.16,1.64,2.08,2.53,2.71,2.81,2.87,2.85,3.28,3.07,291.298,8.538171195642065,0.875,0.7585714285714286,0.77,1.0,0.75,0,10,3.0827732830786854,-2.0832753056912194,2.0832753056912194,1.5829220856261284,0.12146131874863025
2022-06-30,1.72,2.51,2.8,2.92,2.99,3.01,3.04,2.98,3.38,3.14,294.957,8.979361103105798,1.625,1.187142857142857,1.21,1.75,1.5,0,10,3.103130136729859,-1.274851101642041,1.274851101642041,1.5649234803227081,0.19149114868706849
2022-07-31,2.41,2.91,2.98,2.89,2.83,2.7,2.7,2.67,3.2,3.0,294.913,8.462576727730099,2.375,1.6545,1.68,2.5,2.25,0,10,2.930429834334527,-0.2390031354202875,0.2390031354202875,-0.019516629627336357,0.19503961413964788
2022-08-31,2.96,3.32,3.5,3.45,3.46,3.3,3.25,3.15,3.53,3.27,295.097,8.222579178218826,2.375,2.33,2.33,2.5,2.25,0,10,3.2199415207849134,-0.16163658011039495,0.16163658011039495,0.962124451405101,0.1418935629354055
2022-09-30,3.33,3.92,4.05,4.22,4.25,4.06,3.97,3.83,4.08,3.79,296.349,8.192106896425821,3.125,2.58,2.56,3.25,3.0,0,10,3.714411918864958,-0.37920753298910137,0.37920753298910137,2.27576106282579,0.138912589037716
2022-10-31,4.22,4.57,4.66,4.51,4.45,4.27,4.18,4.1,4.44,4.22,298.007,7.758813957693,3.125,3.08,3.08,3.25,3.0,0,10,4.142696953928976,0.2569261761480157,-0.2569261761480157,0.6624518537333479,0.1438788333650773
2022-11-30,4.37,4.7,4.74,4.38,4.13,3.82,3.76,3.68,4.0,3.8,298.786,7.122856456533988,3.875,3.755,3.78,4.0,3.75,0,10,3.666385268775925,1.0482083569492802,-1.0482083569492802,0.24132043568604367,0.1802647266937833
2022-12-31,4.42,4.76,4.73,4.41,4.22,3.99,3.96,3.88,4.14,3.97,298.832,6.404600402357152,4.375,4.091904761904762,4.1,4.5,4.25,0,10,3.878301036460661,0.8612620752384532,-0.8612620752384532,0.09470732437932483,0.15013763989602136
2023-01-31,4.7,4.8,4.68,4.21,3.9,3.63,3.59,3.52,3.78,3.65,300.42,6.327178517960097,4.375,4.33,4.33,4.5,4.25,0,10,3.5502411625329025,1.5452111522788479,-1.5452111522788479,-0.8046625672218024,0.13588161975070379
2023-02-28,4.88,5.17,5.02,4.81,4.51,4.18,4.07,3.92,4.1,3.93,301.45,5.957820738137087,4.625,4.565263157894737,4.57,4.75,4.5,0,10,3.77900904635252,1.37136387120047,-1.37136387120047,0.6821040923989852,0.13113006548475273
2023-03-31,4.85,4.94,4.64,4.06,3.81,3.6,3.55,3.48,3.81,3.67,301.821,4.917719362889961,4.875,4.65304347826087,4.65,5.0,4.75,0,10,3.6244129748312983,1.7128441130031158,-1.7128441130031158,-1.665411926658578,0.1277986877769085
2023-04-30,5.1,5.06,4.8,4.04,3.75,3.51,3.49,3.44,3.8,3.67,302.845,4.950079879124369,4.875,4.83,4.83,5.0,4.75,0,10,3.6285008956495557,2.029820172792292,-2.029820172792292,-2.300439079079344,0.1388899663058753
2023-05-31,5.52,5.46,5.18,4.4,4.04,3.74,3.69,3.64,4.01,3.85,303.334,4.131851231385042,5.125,5.045909090909091,5.06,5.25,5.0,0,10,3.789191140528146,2.314231102989297,-2.314231102989297,-2.2445819044139306,0.1493591166037955
2023-06-30,5.43,5.47,5.4,4.87,4.49,4.13,3.97,3.81,4.06,3.85,304.014,3.070617072997095,5.125,5.075714285714286,5.08,5.25,5.0,0,10,3.701558685179208,2.0849689560497717,-2.0849689560497717,-0.053090881639860754,0.14243574776785062
2023-07-31,5.55,5.53,5.37,4.88,4.51,4.18,4.08,3.97,4.22,4.02,304.609,3.287749268428297,5.375,5.117,5.12,5.5,5.25,0,10,3.9239481908519727,1.9954524682579877,-1.9954524682579877,-0.650288814105453,0.12350628045381755
2023-08-31,5.56,5.48,5.37,4.85,4.54,4.23,4.19,4.09,4.39,4.2,306.082,3.722504803505289,5.375,5.33,5.33,5.5,5.25,0,10,4.131982194116346,1.7933015187344754,-1.7933015187344754,-1.034713240478613,0.12438782453630942
2023-09-30,5.55,5.53,5.46,5.03,4.8,4.6,4.61,4.59,4.92,4.73,307.276,3.687206638119256,5.375,5.33,5.33,5.5,5.25,0,10,4.7211662982187415,1.169801344383861,-1.169801344383861,-1.2751521484926371,0.1208085982267253
2023-10-31,5.59,5.54,5.44,5.07,4.9,4.82,4.89,4.88,5.21,5.04,307.696,3.2512659098611785,5.375,5.33,5.33,5.5,5.25,0,10,5.0952940710478245,0.8031222923139518,-0.8031222923139518,-1.6687659668683725,0.0937697285296571
2023-11-30,5.45,5.38,5.16,4.73,4.48,4.31,4.38,4.37,4.72,4.54,308.148,3.133346274591186,5.375,5.33,5.33,5.5,5.25,0,10,4.578171289487505,1.2653560083520552,-1.2653560083520552,-2.009406019507658,0.10503688486582119
2023-12-31,5.4,5.26,4.79,4.23,4.01,3.84,3.88,3.88,4.2,4.03,308.741,3.3159099427102934,5.375,5.33,5.33,5.5,5.25,0,10,4.1105059639159816,1.7723940448692042,-1.7723940448692042,-2.8261627488931005,0.07806112125941349
2024-01-31,5.42,5.18,4.73,4.27,4.05,3.91,3.95,3.99,4.34,4.22,309.698,3.0883429864855705,5.375,5.33,5.33,5.5,5.25,0,10,4.295206361294178,1.5604427615643965,-1.5604427615643965,-3.0805371746339443,0.06968303546239389
2024-02-29,5.45,5.3,5.01,4.64,4.43,4.26,4.28,4.25,4.51,4.38,310.967,3.157074141648697,5.375,5.33,5.33,5.5,5.25,0,10,4.406109044887709,1.366285750533058,-1.366285750533058,-1.8369437739594634,0.06576264394993954
2024-03-31,5.46,5.38,5.03,4.59,4.4,4.21,4.2,4.2,4.45,4.34,312.345,3.4868349120836584,5.375,5.33,5.33,5.5,5.25,0,10,4.351239558749458,1.494627542246009,-1.494627542246009,-1.9695559000700236,0.07312734472659106
2024-04-30,5.46,5.44,5.25,5.04,4.87,4.72,4.71,4.69,4.9,4.79,313.023,3.3607951262196734,5.375,5.33,5.33,5.5,5.25,0,10,4.781096657891759,0.909716538371796,-0.909716538371796,-0.9738346930706321,0.06673430194604768
2024-05-31,5.46,5.42,5.18,4.89,4.69,4.52,4.52,4.51,4.73,4.65,313.175,3.244278584003113,5.375,5.33,5.33,5.5,5.25,0,10,4.629955416595085,1.1269071887050468,-1.1269071887050468,-1.3693219940264445,0.0724322205980969
2024-06-30,5.48,5.33,5.09,4.71,4.52,4.33,4.33,4.36,4.61,4.51,313.044,2.9702579486470926,5.375,5.33,5.33,5.5,5.25,0,10,4.515884686915921,1.2883231275395515,-1.2883231275395515,-1.847320133462155,0.073618941466376
2024-07-31,5.41,5.14,4.73,4.29,4.1,3.97,4.0,4.09,4.44,4.35,313.569,2.9414757935583014,5.375,5.33,5.33,5.5,5.25,0,10,4.420875960473293,1.406099945259347,-1.406099945259347,-3.1755650851975403,0.07034203390354692
2024-08-31,5.21,4.89,4.38,3.91,3.79,3.71,3.8,3.91,4.28,4.2,314.062,2.607144490692037,5.375,5.33,5.33,5.5,5.25,0,10,4.3344493937738395,1.3208217285087929,-1.3208217285087929,-3.8886645737199528,0.0553363338875875
2024-09-30,4.73,4.38,3.98,3.66,3.58,3.58,3.67,3.81,4.19,4.14,314.732,2.4264830315416708,4.875,5.13,5.13,5.0,4.75,0,10,4.27920456051501,0.7939760240634235,-0.7939760240634235,-3.682517110462224,0.055790737463624604
2024-10-31,4.64,4.43,4.27,4.16,4.12,4.15,4.21,4.28,4.58,4.47,315.631,2.578844053871343,4.875,4.83,4.83,5.0,4.75,0,10,4.585147039632708,0.20392224252078517,-0.20392224252078517,-1.9652875221539308,0.051713549835829695
2024-11-30,4.58,4.42,4.3,4.13,4.1,4.05,4.1,4.18,4.45,4.36,316.528,2.719472461284833,4.625,4.645789473684211,4.64,4.75,4.5,0,10,4.432303102453921,0.3213537883327122,-0.3213537883327122,-1.7287741959044567,0.05466261450970207
2024-12-31,4.37,4.24,4.16,4.25,4.27,4.38,4.48,4.58,4.86,4.78,317.604,2.870690967509981,4.375,4.484761904761905,4.48,4.5,4.25,0,10,4.907674642093313,-0.48571259549331014,0.48571259549331014,-1.5786356734756524,0.047006294657334455
2025-01-31,4.31,4.28,4.17,4.22,4.27,4.36,4.47,4.58,4.88,4.83,318.961,2.9909783078999608,4.375,4.33,4.33,4.5,4.25,0,10,4.936784639399909,-0.51669199769412,0.51669199769412,-1.6740277677998812,0.045090788346271816
2025-02-28,4.32,4.25,4.08,3.99,3.99,4.03,4.14,4.24,4.55,4.51,319.679,2.8015834477613355,4.375,4.33,4.33,4.5,4.25,0,10,4.60212937284075,-0.08516926038680506,0.08516926038680506,-2.077875862149133,0.048831020561901126
2025-03-31,4.32,4.23,4.03,3.89,3.89,3.96,4.09,4.23,4.62,4.59,319.785,2.381981462805549,4.375,4.33,4.33,4.5,4.25,0,10,4.700446504396061,-0.11973532125232689,0.11973532125232689,-2.712750742083271,0.060863854482161264
2025-04-30,4.31,4.19,3.85,3.6,3.58,3.72,3.93,4.17,4.68,4.66,320.302,2.32538823025783,4.375,4.33,4.33,4.5,4.25,0,10,4.842013062499262,-0.11136781456166567,0.11136781456166567,-4.231104850518003,0.0749759414595984
2025-05-31,4.36,4.36,4.11,3.89,3.87,3.96,4.18,4.41,4.93,4.92,320.62,2.3772651073680877,4.375,4.33,4.33,4.5,4.25,0,10,5.05318767069757,-0.2746316846323964,0.2746316846323964,-3.7318473210664145,0.10261156706387597
2025-06-30,4.41,4.29,3.96,3.72,3.68,3.79,3.98,4.24,4.79,4.78,321.435,2.680453865910226,4.375,4.33,4.33,4.5,4.25,0,10,4.936061024213808,-0.0896456861815973,0.0896456861815973,-4.277421263869922,0.09282322480279873
2025-07-31,4.41,4.31,4.1,3.94,3.89,3.96,4.14,4.37,4.89,4.89,322.169,2.742618052167134,4.375,4.33,4.33,4.5,4.25,0,10,4.999410525970478,-0.22826363582737708,0.22826363582737708,-3.582048079047709,0.10060913722399838
2025-08-31,4.23,4.01,3.83,3.59,3.58,3.68,3.92,4.23,4.86,4.92,323.291,2.9385917430316155,4.375,4.33,4.33,4.5,4.25,0,10,5.049790464657283,-0.3988601419109412,0.3988601419109412,-4.6604605801871415,0.11965002471270643
2025-09-30,4.02,3.83,3.68,3.6,3.61,3.74,3.93,4.16,4.71,4.73,324.245,3.022571584713329,4.125,4.226190476190476,4.22,4.25,4.0,0,10,4.858744762459246,-0.557604124957161,0.557604124957161,-3.6587760767584356,0.09153097167407064
2025-11-30,3.88,3.74,3.61,3.47,3.49,3.59,3.78,4.02,4.62,4.67,325.063,2.6964439164939518,3.875,3.876666666666667,3.88,4.0,3.75,0,10,4.765228868712146,-0.5494093485828127,0.5494093485828127,-3.7975037246691308,0.11356106416403712
2025-12-31,3.67,3.59,3.48,3.47,3.55,3.73,3.94,4.18,4.79,4.84,326.031,2.653304114557753,3.625,3.730909090909091,3.72,3.75,3.5,0,10,4.961950336738818,-1.0190207146007835,1.0190207146007835,-3.6056231062669255,0.10205403512246027
