target_date,observed_source_date,DGS1,DGS2,DGS10
2024-01-31,2024-01-31,4.73,4.27,3.99
2024-02-29,2024-02-29,5.01,4.64,4.25
2024-03-31,2024-03-28,5.03,4.59,4.2
2024-04-30,2024-04-30,5.25,5.04,4.69
2024-05-31,2024-05-31,5.18,4.89,4.51
2024-06-30,2024-06-28,5.09,4.71,4.36
2024-07-31,2024-07-31,4.73,4.29,4.09
2024-08-31,2024-08-30,4.38,3.91,3.91
2024-09-30,2024-09-30,3.98,3.66,3.81
2024-10-31,2024-10-31,4.27,4.16,4.28
2024-11-30,2024-11-29,4.3,4.13,4.18
2024-12-31,2024-12-31,4.16,4.25,4.58
2025-01-31,2025-01-31,4.17,4.22,4.58
2025-02-28,2025-02-28,4.08,3.99,4.24
2025-03-31,2025-03-31,4.03,3.89,4.23
2025-04-30,2025-04-30,3.85,3.6,4.17
2025-05-31,2025-05-30,4.11,3.89,4.41
2025-06-30,2025-06-30,3.96,3.72,4.24
2025-07-31,2025-07-31,4.1,3.94,4.37
2025-08-31,2025-08-29,3.83,3.59,4.23
2025-09-30,2025-09-30,3.68,3.6,4.16
2025-10-31,2025-10-31,3.7,3.6,4.11
2025-11-30,2025-11-28,3.61,3.47,4.02
2025-12-31,2025-12-31,3.48,3.47,4.18
