"origin_date","target_date","horizon_months","maturity_months","maturity_series","model","forecast_yield_pct","actual_yield_pct","forecast_minus_actual_pp"
2023-12-31,19753,1,12,"DGS1","VAR_5_macro",4.58168835827751,4.73,-0.148311641722487
2023-12-31,19753,1,24,"DGS2","VAR_5_macro",4.05702237176308,4.27,-0.212977628236922
2023-12-31,19753,1,120,"DGS10","VAR_5_macro",3.83414364694008,3.99,-0.155856353059918
2024-01-31,19782,1,12,"DGS1","VAR_5_macro",4.55571484462414,5.01,-0.454285155375862
2024-01-31,19782,1,24,"DGS2","VAR_5_macro",4.05463527530355,4.64,-0.585364724696453
2024-01-31,19782,1,120,"DGS10","VAR_5_macro",3.96464134275968,4.25,-0.285358657240318
2024-02-29,19813,1,12,"DGS1","VAR_5_macro",4.87908837370382,5.03,-0.150911626296177
2024-02-29,19813,1,24,"DGS2","VAR_5_macro",4.48803630256063,4.59,-0.101963697439373
2024-02-29,19813,1,120,"DGS10","VAR_5_macro",4.25704043515633,4.2,0.0570404351563338
2024-03-31,19843,1,12,"DGS1","VAR_5_macro",4.90594060309308,5.25,-0.344059396906921
2024-03-31,19843,1,24,"DGS2","VAR_5_macro",4.48445580523941,5.04,-0.555544194760588
2024-03-31,19843,1,120,"DGS10","VAR_5_macro",4.21805776526374,4.69,-0.47194223473626
2024-04-30,19874,1,12,"DGS1","VAR_5_macro",5.18306504879738,5.18,0.00306504879738068
2024-04-30,19874,1,24,"DGS2","VAR_5_macro",4.92186277960621,4.89,0.0318627796062074
2024-04-30,19874,1,120,"DGS10","VAR_5_macro",4.71885501485142,4.51,0.208855014851419
2024-05-31,19904,1,12,"DGS1","VAR_5_macro",5.08203254341636,5.09,-0.00796745658364362
2024-05-31,19904,1,24,"DGS2","VAR_5_macro",4.76237180763084,4.71,0.052371807630835
2024-05-31,19904,1,120,"DGS10","VAR_5_macro",4.54396896803244,4.36,0.183968968032435
2024-06-30,19935,1,12,"DGS1","VAR_5_macro",4.95152563541789,4.73,0.221525635417885
2024-06-30,19935,1,24,"DGS2","VAR_5_macro",4.57876184766026,4.29,0.288761847660262
2024-06-30,19935,1,120,"DGS10","VAR_5_macro",4.38350024413576,4.09,0.293500244135756
2024-07-31,19966,1,12,"DGS1","VAR_5_macro",4.58337073280816,4.38,0.203370732808164
2024-07-31,19966,1,24,"DGS2","VAR_5_macro",4.11629660811615,3.91,0.206296608116149
2024-07-31,19966,1,120,"DGS10","VAR_5_macro",4.09690671026106,3.91,0.186906710261058
2024-08-31,19996,1,12,"DGS1","VAR_5_macro",4.19837911743819,3.98,0.218379117438191
2024-08-31,19996,1,24,"DGS2","VAR_5_macro",3.70908799519893,3.66,0.0490879951989287
2024-08-31,19996,1,120,"DGS10","VAR_5_macro",3.84866201009962,3.81,0.0386620100996202
2024-09-30,20027,1,12,"DGS1","VAR_5_macro",3.81350537578463,4.27,-0.456494624215372
2024-09-30,20027,1,24,"DGS2","VAR_5_macro",3.43811688504544,4.16,-0.72188311495456
2024-09-30,20027,1,120,"DGS10","VAR_5_macro",3.75539149109018,4.28,-0.524608508909818
2024-10-31,20057,1,12,"DGS1","VAR_5_macro",4.1489223143567,4.3,-0.1510776856433
2024-10-31,20057,1,24,"DGS2","VAR_5_macro",3.97877281556735,4.13,-0.151227184432646
2024-10-31,20057,1,120,"DGS10","VAR_5_macro",4.22850472010025,4.18,0.0485047201002544
2024-11-30,20088,1,12,"DGS1","VAR_5_macro",4.1908514443539,4.16,0.0308514443538979
2024-11-30,20088,1,24,"DGS2","VAR_5_macro",4.00801653696649,4.25,-0.241983463033507
2024-11-30,20088,1,120,"DGS10","VAR_5_macro",4.16833651545342,4.58,-0.411663484546584
2024-12-31,20119,1,12,"DGS1","VAR_5_macro",4.15225167334696,4.17,-0.0177483266530363
2024-12-31,20119,1,24,"DGS2","VAR_5_macro",4.11617085563359,4.22,-0.103829144366405
2024-12-31,20119,1,120,"DGS10","VAR_5_macro",4.55900517433555,4.58,-0.0209948256644479
2025-01-31,20147,1,12,"DGS1","VAR_5_macro",4.14074903755107,4.08,0.0607490375510658
2025-01-31,20147,1,24,"DGS2","VAR_5_macro",4.10566789848781,3.99,0.115667898487814
2025-01-31,20147,1,120,"DGS10","VAR_5_macro",4.57361778817191,4.24,0.333617788171912
2025-02-28,20178,1,12,"DGS1","VAR_5_macro",4.00321691295251,4.03,-0.0267830870474945
2025-02-28,20178,1,24,"DGS2","VAR_5_macro",3.87305037680015,3.89,-0.0169496231998463
2025-02-28,20178,1,120,"DGS10","VAR_5_macro",4.24608444424692,4.23,0.0160844442469186
2025-03-31,20208,1,12,"DGS1","VAR_5_macro",3.91385287128161,3.85,0.0638528712816129
2025-03-31,20208,1,24,"DGS2","VAR_5_macro",3.7537906113928,3.6,0.153790611392795
2025-03-31,20208,1,120,"DGS10","VAR_5_macro",4.25377096623939,4.17,0.0837709662393875
2025-04-30,20239,1,12,"DGS1","VAR_5_macro",3.69125840323656,4.11,-0.418741596763436
2025-04-30,20239,1,24,"DGS2","VAR_5_macro",3.4434159086258,3.89,-0.446584091374195
2025-04-30,20239,1,120,"DGS10","VAR_5_macro",4.19101536203483,4.41,-0.218984637965168
2025-05-31,20269,1,12,"DGS1","VAR_5_macro",3.93927721056388,3.96,-0.0207227894361175
2025-05-31,20269,1,24,"DGS2","VAR_5_macro",3.74065512668732,3.72,0.0206551266873207
2025-05-31,20269,1,120,"DGS10","VAR_5_macro",4.46497456038506,4.24,0.224974560385063
2025-06-30,20300,1,12,"DGS1","VAR_5_macro",3.82701092993376,4.1,-0.272989070066235
2025-06-30,20300,1,24,"DGS2","VAR_5_macro",3.56703422410032,3.94,-0.372965775899684
2025-06-30,20300,1,120,"DGS10","VAR_5_macro",4.30303546048508,4.37,-0.0669645395149168
2025-07-31,20331,1,12,"DGS1","VAR_5_macro",3.96884340040009,3.83,0.13884340040009
2025-07-31,20331,1,24,"DGS2","VAR_5_macro",3.77036124414479,3.59,0.18036124414479
2025-07-31,20331,1,120,"DGS10","VAR_5_macro",4.44270996642005,4.23,0.212709966420046
2025-08-31,20361,1,12,"DGS1","VAR_5_macro",3.6064361600915,3.68,-0.073563839908505
2025-08-31,20361,1,24,"DGS2","VAR_5_macro",3.38501380892344,3.6,-0.214986191076557
2025-08-31,20361,1,120,"DGS10","VAR_5_macro",4.29604124129512,4.16,0.136041241295125
2025-09-30,20392,1,12,"DGS1","VAR_5_macro",3.55463141438083,3.7,-0.145368585619167
2025-09-30,20392,1,24,"DGS2","VAR_5_macro",3.41941058283606,3.6,-0.180589417163941
2025-09-30,20392,1,120,"DGS10","VAR_5_macro",4.22236443042496,4.11,0.11236443042496
2025-11-30,20453,1,12,"DGS1","VAR_5_macro",3.45242561868541,3.48,-0.0275743813145932
2025-11-30,20453,1,24,"DGS2","VAR_5_macro",3.30440045376035,3.47,-0.165599546239648
2025-11-30,20453,1,120,"DGS10","VAR_5_macro",4.13318373307654,4.18,-0.0468162669234564
2023-10-31,19753,3,12,"DGS1","VAR_5_macro",5.16886644253221,4.73,0.43886644253221
2023-10-31,19753,3,24,"DGS2","VAR_5_macro",4.82382120984167,4.27,0.553821209841669
2023-10-31,19753,3,120,"DGS10","VAR_5_macro",4.8779282093348,3.99,0.887928209334802
2023-11-30,19782,3,12,"DGS1","VAR_5_macro",4.73967117594686,5.01,-0.270328824053137
2023-11-30,19782,3,24,"DGS2","VAR_5_macro",4.31986604760075,4.64,-0.320133952399247
2023-11-30,19782,3,120,"DGS10","VAR_5_macro",4.23629834459537,4.25,-0.0137016554046294
2023-12-31,19813,3,12,"DGS1","VAR_5_macro",4.31529418343936,5.03,-0.714705816560643
2023-12-31,19813,3,24,"DGS2","VAR_5_macro",3.78128833621552,4.59,-0.808711663784478
2023-12-31,19813,3,120,"DGS10","VAR_5_macro",3.62317924403515,4.2,-0.576820755964853
2024-01-31,19843,3,12,"DGS1","VAR_5_macro",4.28445345927991,5.25,-0.965546540720087
2024-01-31,19843,3,24,"DGS2","VAR_5_macro",3.77567177677163,5.04,-1.26432822322837
2024-01-31,19843,3,120,"DGS10","VAR_5_macro",3.76771996597306,4.69,-0.922280034026936
2024-02-29,19874,3,12,"DGS1","VAR_5_macro",4.73112045182175,5.18,-0.448879548178255
2024-02-29,19874,3,24,"DGS2","VAR_5_macro",4.31397257215997,4.89,-0.576027427840028
2024-02-29,19874,3,120,"DGS10","VAR_5_macro",4.12524718564337,4.51,-0.384752814356629
2024-03-31,19904,3,12,"DGS1","VAR_5_macro",4.78993240644873,5.09,-0.300067593551268
2024-03-31,19904,3,24,"DGS2","VAR_5_macro",4.34451313801198,4.71,-0.365486861988022
2024-03-31,19904,3,120,"DGS10","VAR_5_macro",4.10567288174481,4.36,-0.254327118255188
2024-04-30,19935,3,12,"DGS1","VAR_5_macro",5.14297146246248,4.73,0.412971462462477
2024-04-30,19935,3,24,"DGS2","VAR_5_macro",4.83306769415449,4.29,0.54306769415449
2024-04-30,19935,3,120,"DGS10","VAR_5_macro",4.64330225278582,4.09,0.553302252785822
2024-05-31,19966,3,12,"DGS1","VAR_5_macro",5.00818904255728,4.38,0.628189042557279
2024-05-31,19966,3,24,"DGS2","VAR_5_macro",4.65377922865339,3.91,0.743779228653391
2024-05-31,19966,3,120,"DGS10","VAR_5_macro",4.46074921400033,3.91,0.550749214000333
2024-06-30,19996,3,12,"DGS1","VAR_5_macro",4.83067205682272,3.98,0.850672056822719
2024-06-30,19996,3,24,"DGS2","VAR_5_macro",4.43807805613651,3.66,0.778078056136507
2024-06-30,19996,3,120,"DGS10","VAR_5_macro",4.28792287055769,3.81,0.477922870557688
2024-07-31,20027,3,12,"DGS1","VAR_5_macro",4.37752169962919,4.27,0.107521699629188
2024-07-31,20027,3,24,"DGS2","VAR_5_macro",3.91777805688902,4.16,-0.242221943110983
2024-07-31,20027,3,120,"DGS10","VAR_5_macro",3.96393746463701,4.28,-0.316062535362991
2024-08-31,20057,3,12,"DGS1","VAR_5_macro",3.89333746702536,4.3,-0.406662532974643
2024-08-31,20057,3,24,"DGS2","VAR_5_macro",3.42988895031462,4.13,-0.700111049685382
2024-08-31,20057,3,120,"DGS10","VAR_5_macro",3.65540779736937,4.18,-0.524592202630625
2024-09-30,20088,3,12,"DGS1","VAR_5_macro",3.51225180627193,4.16,-0.647748193728069
2024-09-30,20088,3,24,"DGS2","VAR_5_macro",3.16487976474125,4.25,-1.08512023525875
2024-09-30,20088,3,120,"DGS10","VAR_5_macro",3.57118936046495,4.58,-1.00881063953505
2024-10-31,20119,3,12,"DGS1","VAR_5_macro",3.97112485108267,4.17,-0.198875148917329
2024-10-31,20119,3,24,"DGS2","VAR_5_macro",3.78878697301553,4.22,-0.43121302698447
2024-10-31,20119,3,120,"DGS10","VAR_5_macro",4.07673055716454,4.58,-0.503269442835464
2024-11-30,20147,3,12,"DGS1","VAR_5_macro",4.07071203045028,4.08,-0.00928796954972011
2024-11-30,20147,3,24,"DGS2","VAR_5_macro",3.86931372067016,3.99,-0.120686279329843
2024-11-30,20147,3,120,"DGS10","VAR_5_macro",4.06338609860456,4.24,-0.176613901395435
2024-12-31,20178,3,12,"DGS1","VAR_5_macro",4.08211620990447,4.03,0.0521162099044714
2024-12-31,20178,3,24,"DGS2","VAR_5_macro",4.00397875445516,3.89,0.113978754455158
2024-12-31,20178,3,120,"DGS10","VAR_5_macro",4.46145291577127,4.23,0.231452915771273
2025-01-31,20208,3,12,"DGS1","VAR_5_macro",4.07761088833169,3.85,0.227610888331686
2025-01-31,20208,3,24,"DGS2","VAR_5_macro",4.00249404562201,3.6,0.402494045622011
2025-01-31,20208,3,120,"DGS10","VAR_5_macro",4.48001233228464,4.17,0.310012332284642
2025-02-28,20239,3,12,"DGS1","VAR_5_macro",3.89736405821932,4.11,-0.212635941780685
2025-02-28,20239,3,24,"DGS2","VAR_5_macro",3.74960271881079,3.89,-0.140397281189209
2025-02-28,20239,3,120,"DGS10","VAR_5_macro",4.15194265776221,4.41,-0.258057342237786
2025-03-31,20269,3,12,"DGS1","VAR_5_macro",3.76118449013705,3.96,-0.198815509862955
2025-03-31,20269,3,24,"DGS2","VAR_5_macro",3.59571435722124,3.72,-0.124285642778758
2025-03-31,20269,3,120,"DGS10","VAR_5_macro",4.1509154215455,4.24,-0.0890845784544965
2025-04-30,20300,3,12,"DGS1","VAR_5_macro",3.48226339658303,4.1,-0.617736603416965
2025-04-30,20300,3,24,"DGS2","VAR_5_macro",3.25520015315851,3.94,-0.684799846841488
2025-04-30,20300,3,120,"DGS10","VAR_5_macro",4.07912559116555,4.37,-0.290874408834454
2025-05-31,20331,3,12,"DGS1","VAR_5_macro",3.78391308399076,3.83,-0.0460869160092408
2025-05-31,20331,3,24,"DGS2","VAR_5_macro",3.58465507169494,3.59,-0.00534492830506306
2025-05-31,20331,3,120,"DGS10","VAR_5_macro",4.37494135455737,4.23,0.144941354557369
2025-06-30,20361,3,12,"DGS1","VAR_5_macro",3.66975153569167,3.68,-0.0102484643083254
2025-06-30,20361,3,24,"DGS2","VAR_5_macro",3.4233925340212,3.6,-0.176607465978805
2025-06-30,20361,3,120,"DGS10","VAR_5_macro",4.21920492962221,4.16,0.0592049296222141
2025-07-31,20392,3,12,"DGS1","VAR_5_macro",3.85114273395265,3.7,0.151142733952647
2025-07-31,20392,3,24,"DGS2","VAR_5_macro",3.64844931161607,3.6,0.0484493116160722
2025-07-31,20392,3,120,"DGS10","VAR_5_macro",4.36551563844288,4.11,0.255515638442878
2025-08-31,20422,3,12,"DGS1","VAR_5_macro",3.44346755118114,3.61,-0.166532448818862
2025-08-31,20422,3,24,"DGS2","VAR_5_macro",3.24094528885442,3.47,-0.229054711145585
2025-08-31,20422,3,120,"DGS10","VAR_5_macro",4.1907609332921,4.02,0.170760933292097
2025-09-30,20453,3,12,"DGS1","VAR_5_macro",3.44209494334288,3.48,-0.0379050566571206
2025-09-30,20453,3,24,"DGS2","VAR_5_macro",3.3082838655042,3.47,-0.161716134495803
2025-09-30,20453,3,120,"DGS10","VAR_5_macro",4.12797095436673,4.18,-0.0520290456332706
2023-07-31,19753,6,12,"DGS1","VAR_5_macro",4.61859390310251,4.73,-0.111406096897489
2023-07-31,19753,6,24,"DGS2","VAR_5_macro",4.05549089423476,4.27,-0.214509105765242
2023-07-31,19753,6,120,"DGS10","VAR_5_macro",3.46602470843496,3.99,-0.523975291565038
2023-08-31,19782,6,12,"DGS1","VAR_5_macro",4.71893458676829,5.01,-0.291065413231709
2023-08-31,19782,6,24,"DGS2","VAR_5_macro",4.17588480548599,4.64,-0.464115194514012
2023-08-31,19782,6,120,"DGS10","VAR_5_macro",3.71254470051151,4.25,-0.537455299488491
2023-09-30,19813,6,12,"DGS1","VAR_5_macro",4.93950842482111,5.03,-0.0904915751788886
2023-09-30,19813,6,24,"DGS2","VAR_5_macro",4.48933892378215,4.59,-0.100661076217848
2023-09-30,19813,6,120,"DGS10","VAR_5_macro",4.39288629497601,4.2,0.192886294976012
2023-10-31,19843,6,12,"DGS1","VAR_5_macro",4.90497444668954,5.25,-0.345025553310463
2023-10-31,19843,6,24,"DGS2","VAR_5_macro",4.51537231152737,5.04,-0.524627688472626
2023-10-31,19843,6,120,"DGS10","VAR_5_macro",4.75579889360642,4.69,0.0657988936064164
2023-11-30,19874,6,12,"DGS1","VAR_5_macro",4.378604596485,5.18,-0.801395403514999
2023-11-30,19874,6,24,"DGS2","VAR_5_macro",3.94301587352341,4.89,-0.946984126476591
2023-11-30,19874,6,120,"DGS10","VAR_5_macro",4.02075655771391,4.51,-0.489243442286085
2023-12-31,19904,6,12,"DGS1","VAR_5_macro",3.88035056530345,5.09,-1.20964943469655
2023-12-31,19904,6,24,"DGS2","VAR_5_macro",3.36148579748924,4.71,-1.34851420251076
2023-12-31,19904,6,120,"DGS10","VAR_5_macro",3.34821602277887,4.36,-1.01178397722113
2024-01-31,19935,6,12,"DGS1","VAR_5_macro",3.8441116938883,4.73,-0.885888306111701
2024-01-31,19935,6,24,"DGS2","VAR_5_macro",3.35172368394911,4.29,-0.938276316050895
2024-01-31,19935,6,120,"DGS10","VAR_5_macro",3.50897564204638,4.09,-0.581024357953615
2024-02-29,19966,6,12,"DGS1","VAR_5_macro",4.46079385686546,4.38,0.0807938568654567
2024-02-29,19966,6,24,"DGS2","VAR_5_macro",4.02930094704481,3.91,0.119300947044814
2024-02-29,19966,6,120,"DGS10","VAR_5_macro",3.94850730398892,3.91,0.0385073039889234
2024-03-31,19996,6,12,"DGS1","VAR_5_macro",4.56498519746027,3.98,0.584985197460273
2024-03-31,19996,6,24,"DGS2","VAR_5_macro",4.10536895612066,3.66,0.445368956120664
2024-03-31,19996,6,120,"DGS10","VAR_5_macro",3.94878034542214,3.81,0.138780345422138
2024-04-30,20027,6,12,"DGS1","VAR_5_macro",5.02823743372545,4.27,0.758237433725447
2024-04-30,20027,6,24,"DGS2","VAR_5_macro",4.67123367891345,4.16,0.51123367891345
2024-04-30,20027,6,120,"DGS10","VAR_5_macro",4.54350128096492,4.28,0.263501280964922
2024-05-31,20057,6,12,"DGS1","VAR_5_macro",4.84434855300228,4.3,0.544348553002284
2024-05-31,20057,6,24,"DGS2","VAR_5_macro",4.460535119752,4.13,0.330535119752004
2024-05-31,20057,6,120,"DGS10","VAR_5_macro",4.34427701055974,4.18,0.164277010559738
2024-06-30,20088,6,12,"DGS1","VAR_5_macro",4.59999677036235,4.16,0.439996770362345
2024-06-30,20088,6,24,"DGS2","VAR_5_macro",4.19744009872919,4.25,-0.0525599012708113
2024-06-30,20088,6,120,"DGS10","VAR_5_macro",4.15012281908584,4.58,-0.429877180914165
2024-07-31,20119,6,12,"DGS1","VAR_5_macro",4.05613599067639,4.17,-0.113864009323612
2024-07-31,20119,6,24,"DGS2","VAR_5_macro",3.62081405340954,4.22,-0.599185946590458
2024-07-31,20119,6,120,"DGS10","VAR_5_macro",3.79110364641284,4.58,-0.788896353587161
2024-08-31,20147,6,12,"DGS1","VAR_5_macro",3.48870269092174,4.08,-0.591297309078263
2024-08-31,20147,6,24,"DGS2","VAR_5_macro",3.07495053559593,3.99,-0.915049464404074
2024-08-31,20147,6,120,"DGS10","VAR_5_macro",3.44317887550276,4.24,-0.796821124497245
2024-09-30,20178,6,12,"DGS1","VAR_5_macro",3.1313740228076,4.03,-0.898625977192402
2024-09-30,20178,6,24,"DGS2","VAR_5_macro",2.83135431880493,3.89,-1.05864568119507
2024-09-30,20178,6,120,"DGS10","VAR_5_macro",3.3739435613812,4.23,-0.856056438618796
2024-10-31,20208,6,12,"DGS1","VAR_5_macro",3.77007282259165,3.85,-0.0799271774083548
2024-10-31,20208,6,24,"DGS2","VAR_5_macro",3.57388500648601,3.6,-0.0261149935139877
2024-10-31,20208,6,120,"DGS10","VAR_5_macro",3.93073691127542,4.17,-0.239263088724584
2024-11-30,20239,6,12,"DGS1","VAR_5_macro",3.89375223448341,4.11,-0.21624776551659
2024-11-30,20239,6,24,"DGS2","VAR_5_macro",3.67635752145549,3.89,-0.213642478544508
2024-11-30,20239,6,120,"DGS10","VAR_5_macro",3.94169881634442,4.41,-0.468301183655584
2024-12-31,20269,6,12,"DGS1","VAR_5_macro",3.97385646183306,3.96,0.0138564618330586
2024-12-31,20269,6,24,"DGS2","VAR_5_macro",3.84884825416794,3.72,0.128848254167944
2024-12-31,20269,6,120,"DGS10","VAR_5_macro",4.34786027316286,4.24,0.107860273162863
2025-01-31,20300,6,12,"DGS1","VAR_5_macro",3.98350301163647,4.1,-0.116496988363534
2025-01-31,20300,6,24,"DGS2","VAR_5_macro",3.86244565187541,3.94,-0.0775543481245866
2025-01-31,20300,6,120,"DGS10","VAR_5_macro",4.3721319823292,4.37,0.00213198232920142
2025-02-28,20331,6,12,"DGS1","VAR_5_macro",3.74079710127498,3.83,-0.0892028987250177
2025-02-28,20331,6,24,"DGS2","VAR_5_macro",3.57673563448244,3.59,-0.0132643655175602
2025-02-28,20331,6,120,"DGS10","VAR_5_macro",4.03815059932786,4.23,-0.191849400672137
2025-03-31,20361,6,12,"DGS1","VAR_5_macro",3.52991885899767,3.68,-0.150081141002334
2025-03-31,20361,6,24,"DGS2","VAR_5_macro",3.36597204688343,3.6,-0.234027953116574
2025-03-31,20361,6,120,"DGS10","VAR_5_macro",4.01498003649503,4.16,-0.145019963504975
2025-04-30,20392,6,12,"DGS1","VAR_5_macro",3.17099867809544,3.7,-0.529001321904563
2025-04-30,20392,6,24,"DGS2","VAR_5_macro",2.97891615973552,3.6,-0.621083840264476
2025-04-30,20392,6,120,"DGS10","VAR_5_macro",3.92068660266163,4.11,-0.189313397338366
2025-05-31,20422,6,12,"DGS1","VAR_5_macro",3.51740057408099,3.61,-0.0925994259190106
2025-05-31,20422,6,24,"DGS2","VAR_5_macro",3.33076470301389,3.47,-0.139235296986108
2025-05-31,20422,6,120,"DGS10","VAR_5_macro",4.23292400472002,4.02,0.212924004720018
2025-06-30,20453,6,12,"DGS1","VAR_5_macro",3.40978001798963,3.48,-0.0702199820103728
2025-06-30,20453,6,24,"DGS2","VAR_5_macro",3.19106167261921,3.47,-0.278938327380794
2025-06-30,20453,6,120,"DGS10","VAR_5_macro",4.08595131108307,4.18,-0.0940486889169305
2023-01-31,19753,12,12,"DGS1","VAR_5_macro",2.68614376263844,4.73,-2.04385623736156
2023-01-31,19753,12,24,"DGS2","VAR_5_macro",2.06814346437426,4.27,-2.20185653562574
2023-01-31,19753,12,120,"DGS10","VAR_5_macro",1.55409718426391,3.99,-2.43590281573609
2023-02-28,19782,12,12,"DGS1","VAR_5_macro",4.11667021805853,5.01,-0.893329781941467
2023-02-28,19782,12,24,"DGS2","VAR_5_macro",3.56412025379339,4.64,-1.07587974620661
2023-02-28,19782,12,120,"DGS10","VAR_5_macro",2.62259132820338,4.25,-1.62740867179662
2023-03-31,19813,12,12,"DGS1","VAR_5_macro",1.80531640813864,5.03,-3.22468359186136
2023-03-31,19813,12,24,"DGS2","VAR_5_macro",1.34945766148983,4.59,-3.24054233851017
2023-03-31,19813,12,120,"DGS10","VAR_5_macro",1.44437660293336,4.2,-2.75562339706664
2023-04-30,19843,12,12,"DGS1","VAR_5_macro",1.93189029336156,5.25,-3.31810970663844
2023-04-30,19843,12,24,"DGS2","VAR_5_macro",1.33684655220562,5.04,-3.70315344779438
2023-04-30,19843,12,120,"DGS10","VAR_5_macro",1.53547509553392,4.69,-3.15452490446608
2023-05-31,19874,12,12,"DGS1","VAR_5_macro",2.28355841603599,5.18,-2.89644158396401
2023-05-31,19874,12,24,"DGS2","VAR_5_macro",1.57640194800048,4.89,-3.31359805199952
2023-05-31,19874,12,120,"DGS10","VAR_5_macro",1.90815695860228,4.51,-2.60184304139772
2023-06-30,19904,12,12,"DGS1","VAR_5_macro",3.25148687536918,5.09,-1.83851312463082
2023-06-30,19904,12,24,"DGS2","VAR_5_macro",2.74683987055049,4.71,-1.96316012944951
2023-06-30,19904,12,120,"DGS10","VAR_5_macro",2.56435671011289,4.36,-1.79564328988711
2023-07-31,19935,12,12,"DGS1","VAR_5_macro",3.3594041593822,4.73,-1.3705958406178
2023-07-31,19935,12,24,"DGS2","VAR_5_macro",2.8412242478143,4.29,-1.4487757521857
2023-07-31,19935,12,120,"DGS10","VAR_5_macro",2.74206643351058,4.09,-1.34793356648942
2023-08-31,19966,12,12,"DGS1","VAR_5_macro",3.69515069854887,4.38,-0.684849301451125
2023-08-31,19966,12,24,"DGS2","VAR_5_macro",3.17636101935237,3.91,-0.733638980647628
2023-08-31,19966,12,120,"DGS10","VAR_5_macro",3.1183622207137,3.91,-0.791637779286301
2023-09-30,19996,12,12,"DGS1","VAR_5_macro",4.04426337750759,3.98,0.0642633775075869
2023-09-30,19996,12,24,"DGS2","VAR_5_macro",3.59837294866745,3.66,-0.0616270513325534
2023-09-30,19996,12,120,"DGS10","VAR_5_macro",3.95798266347213,3.81,0.14798266347213
2023-10-31,20027,12,12,"DGS1","VAR_5_macro",3.93264538319127,4.27,-0.337354616808734
2023-10-31,20027,12,24,"DGS2","VAR_5_macro",3.56229167949814,4.16,-0.59770832050186
2023-10-31,20027,12,120,"DGS10","VAR_5_macro",4.37378180515294,4.28,0.0937818051529353
2023-11-30,20057,12,12,"DGS1","VAR_5_macro",3.35179013363744,4.3,-0.948209866362557
2023-11-30,20057,12,24,"DGS2","VAR_5_macro",2.9757696873126,4.13,-1.1542303126874
2023-11-30,20057,12,120,"DGS10","VAR_5_macro",3.53174985727156,4.18,-0.648250142728441
2023-12-31,20088,12,12,"DGS1","VAR_5_macro",2.84721051447441,4.16,-1.31278948552559
2023-12-31,20088,12,24,"DGS2","VAR_5_macro",2.43307753753119,4.25,-1.81692246246881
2023-12-31,20088,12,120,"DGS10","VAR_5_macro",2.82824673725421,4.58,-1.75175326274579
2024-01-31,20119,12,12,"DGS1","VAR_5_macro",2.80426002060919,4.17,-1.36573997939081
2024-01-31,20119,12,24,"DGS2","VAR_5_macro",2.41642183955561,4.22,-1.80357816044439
2024-01-31,20119,12,120,"DGS10","VAR_5_macro",3.00738589733196,4.58,-1.57261410266804
2024-02-29,20147,12,12,"DGS1","VAR_5_macro",3.69885618077575,4.08,-0.381143819224249
2024-02-29,20147,12,24,"DGS2","VAR_5_macro",3.30909719030014,3.99,-0.680902809699858
2024-02-29,20147,12,120,"DGS10","VAR_5_macro",3.56627993182587,4.24,-0.673720068174132
2024-03-31,20178,12,12,"DGS1","VAR_5_macro",3.90942869881589,4.03,-0.120571301184108
2024-03-31,20178,12,24,"DGS2","VAR_5_macro",3.48390064222385,3.89,-0.406099357776147
2024-03-31,20178,12,120,"DGS10","VAR_5_macro",3.60623820931067,4.23,-0.623761790689328
2024-04-30,20208,12,12,"DGS1","VAR_5_macro",4.5482512032207,3.85,0.698251203220699
2024-04-30,20208,12,24,"DGS2","VAR_5_macro",4.17340379471725,3.6,0.573403794717246
2024-04-30,20208,12,120,"DGS10","VAR_5_macro",4.29323940546746,4.17,0.123239405467459
2024-05-31,20239,12,12,"DGS1","VAR_5_macro",4.29622906357627,4.11,0.186229063576269
2024-05-31,20239,12,24,"DGS2","VAR_5_macro",3.91959869271589,3.89,0.0295986927158856
2024-05-31,20239,12,120,"DGS10","VAR_5_macro",4.06764242772811,4.41,-0.342357572271893
2024-06-30,20269,12,12,"DGS1","VAR_5_macro",3.94950628126229,3.96,-0.0104937187377114
2024-06-30,20269,12,24,"DGS2","VAR_5_macro",3.58383749063999,3.72,-0.136162509360011
2024-06-30,20269,12,120,"DGS10","VAR_5_macro",3.83915717973402,4.24,-0.400842820265981
2024-07-31,20300,12,12,"DGS1","VAR_5_macro",3.31802875986632,4.1,-0.781971240133675
2024-07-31,20300,12,24,"DGS2","VAR_5_macro",2.96736364965812,3.94,-0.972636350341879
2024-07-31,20300,12,120,"DGS10","VAR_5_macro",3.45059287310532,4.37,-0.919407126894684
2024-08-31,20331,12,12,"DGS1","VAR_5_macro",2.69830844478595,3.83,-1.13169155521405
2024-08-31,20331,12,24,"DGS2","VAR_5_macro",2.40463814776075,3.59,-1.18536185223925
2024-08-31,20331,12,120,"DGS10","VAR_5_macro",3.08803375598842,4.23,-1.14196624401158
2024-09-30,20361,12,12,"DGS1","VAR_5_macro",2.42654160399606,3.68,-1.25345839600394
2024-09-30,20361,12,24,"DGS2","VAR_5_macro",2.23298161362716,3.6,-1.36701838637284
2024-09-30,20361,12,120,"DGS10","VAR_5_macro",3.0564023221987,4.16,-1.1035976778013
2024-10-31,20392,12,12,"DGS1","VAR_5_macro",3.32840836528124,3.7,-0.371591634718762
2024-10-31,20392,12,24,"DGS2","VAR_5_macro",3.14345877909978,3.6,-0.456541220900216
2024-10-31,20392,12,120,"DGS10","VAR_5_macro",3.68806342973029,4.11,-0.421936570269706
2024-11-30,20422,12,12,"DGS1","VAR_5_macro",3.44534295153253,3.61,-0.164657048467468
2024-11-30,20422,12,24,"DGS2","VAR_5_macro",3.24110401113257,3.47,-0.228895988867429
2024-11-30,20422,12,120,"DGS10","VAR_5_macro",3.70680761736188,4.02,-0.313192382638115
2024-12-31,20453,12,12,"DGS1","VAR_5_macro",3.6272989167742,3.48,0.147298916774195
2024-12-31,20453,12,24,"DGS2","VAR_5_macro",3.47318673587895,3.47,0.00318673587895413
2024-12-31,20453,12,120,"DGS10","VAR_5_macro",4.12309791059185,4.18,-0.0569020894081493
