model,horizon_months,maturity_months,maturity_series,N,MAE,RMSE
AR,1,12,DGS1,24,0.13565270381992162,0.1863916171115373
Random Walk,1,12,DGS1,24,0.1604166666666666,0.197283636760207
VAR,1,12,DGS1,24,0.15166100415173625,0.19543164566031318
VAR+Macro,1,12,DGS1,23,0.15901028485220184,0.21321148849392535
AR,1,24,DGS2,24,0.19444790914340093,0.2509161645890981
Random Walk,1,24,DGS2,24,0.19833333333333333,0.24964975465639855
VAR,1,24,DGS2,24,0.205552924811077,0.26324013590971695
VAR+Macro,1,24,DGS2,23,0.22483929199128044,0.2924810195662661
AR,1,120,DGS10,24,0.18979121493294535,0.22386914993337767
Random Walk,1,120,DGS10,24,0.17583333333333342,0.2204918743778707
VAR,1,120,DGS10,24,0.2004147012411154,0.23156034344771642
VAR+Macro,1,120,DGS10,23,0.1887039568861386,0.23585312102198022
AR,3,12,DGS1,24,0.24440440997331195,0.3287624954438089
Random Walk,3,12,DGS1,24,0.31249999999999994,0.4047221268969612
VAR,3,12,DGS1,24,0.3137185165544249,0.4236941619054884
VAR+Macro,3,12,DGS1,24,0.3383814018866662,0.4330303033806246
AR,3,24,DGS2,24,0.32229504004466974,0.4247792524222423
Random Walk,3,24,DGS2,24,0.3712499999999999,0.47562677945352627
VAR,3,24,DGS2,24,0.38663817833044795,0.5107685147162161
VAR+Macro,3,24,DGS2,24,0.44249645728431536,0.5514668552341537
AR,3,120,DGS10,24,0.31600925161983634,0.38617702069291626
Random Walk,3,120,DGS10,24,0.32,0.3989883039221409
VAR,3,120,DGS10,24,0.3419883863635424,0.4333060644085739
VAR+Macro,3,120,DGS10,24,0.3755444635657055,0.46234320380709376
AR,6,12,DGS1,24,0.2736923624590804,0.34345454985901674
Random Walk,6,12,DGS1,24,0.41375,0.5123922650990482
VAR,6,12,DGS1,24,0.4279222081336525,0.5269957691954498
VAR+Macro,6,12,DGS1,24,0.37936266885977926,0.5036983472236948
AR,6,24,DGS2,24,0.2530737307882078,0.3163135877597
Random Walk,6,24,DGS2,24,0.37749999999999995,0.4612573395983345
VAR,6,24,DGS2,24,0.3977158898696384,0.4744694110988974
VAR+Macro,6,24,DGS2,24,0.4292615526214932,0.5646633527703425
AR,6,120,DGS10,24,0.21900614313306152,0.2734215232286499
Random Walk,6,120,DGS10,24,0.2454166666666667,0.2873514108775758
VAR,6,120,DGS10,24,0.28714380888112956,0.34187261326842067
VAR+Macro,6,120,DGS10,24,0.3553998574447721,0.4534000609148412
AR,12,12,DGS1,24,0.3828456492245445,0.4386211275111547
Random Walk,12,12,DGS1,24,0.6870833333333334,0.7945622484529873
VAR,12,12,DGS1,24,0.9012605084542585,1.0865074418422498
VAR+Macro,12,12,DGS1,24,1.0644205996382088,1.4352552991197172
AR,12,24,DGS2,24,0.32474872405187555,0.4094506835863546
Random Walk,12,24,DGS2,24,0.5999999999999999,0.7196932216808306
VAR,12,24,DGS2,24,0.8576577605339074,1.1151057160630506
VAR+Macro,12,24,DGS2,24,1.2147699578634998,1.5994281425760744
AR,12,120,DGS10,24,0.4119660056561654,0.5055131802401055
Random Walk,12,120,DGS10,24,0.4087500000000001,0.5071612169714873
VAR,12,120,DGS10,24,0.7769518455404255,1.0888573403073523
VAR+Macro,12,120,DGS10,24,1.1185759662827355,1.4338106913754838
