horizon_months,maturity_months,maturity_series,MAE_AR,MAE_Random_Walk,MAE_VAR,MAE_VARplusMacro,N_AR,N_Random_Walk,N_VAR,N_VARplusMacro,RMSE_AR,RMSE_Random_Walk,RMSE_VAR,RMSE_VARplusMacro
1,12,DGS1,0.13565270381992162,0.1604166666666666,0.15166100415173625,0.15901028485220184,24,24,24,23,0.1863916171115373,0.197283636760207,0.19543164566031318,0.21321148849392535
1,24,DGS2,0.19444790914340093,0.19833333333333333,0.205552924811077,0.22483929199128044,24,24,24,23,0.2509161645890981,0.24964975465639855,0.26324013590971695,0.2924810195662661
1,120,DGS10,0.18979121493294535,0.17583333333333342,0.2004147012411154,0.1887039568861386,24,24,24,23,0.22386914993337767,0.2204918743778707,0.23156034344771642,0.23585312102198022
3,12,DGS1,0.24440440997331195,0.31249999999999994,0.3137185165544249,0.3383814018866662,24,24,24,24,0.3287624954438089,0.4047221268969612,0.4236941619054884,0.4330303033806246
3,24,DGS2,0.32229504004466974,0.3712499999999999,0.38663817833044795,0.44249645728431536,24,24,24,24,0.4247792524222423,0.47562677945352627,0.5107685147162161,0.5514668552341537
3,120,DGS10,0.31600925161983634,0.32,0.3419883863635424,0.3755444635657055,24,24,24,24,0.38617702069291626,0.3989883039221409,0.4333060644085739,0.46234320380709376
6,12,DGS1,0.2736923624590804,0.41375,0.4279222081336525,0.37936266885977926,24,24,24,24,0.34345454985901674,0.5123922650990482,0.5269957691954498,0.5036983472236948
6,24,DGS2,0.2530737307882078,0.37749999999999995,0.3977158898696384,0.4292615526214932,24,24,24,24,0.3163135877597,0.4612573395983345,0.4744694110988974,0.5646633527703425
6,120,DGS10,0.21900614313306152,0.2454166666666667,0.28714380888112956,0.3553998574447721,24,24,24,24,0.2734215232286499,0.2873514108775758,0.34187261326842067,0.4534000609148412
12,12,DGS1,0.3828456492245445,0.6870833333333334,0.9012605084542585,1.0644205996382088,24,24,24,24,0.4386211275111547,0.7945622484529873,1.0865074418422498,1.4352552991197172
12,24,DGS2,0.32474872405187555,0.5999999999999999,0.8576577605339074,1.2147699578634998,24,24,24,24,0.4094506835863546,0.7196932216808306,1.1151057160630506,1.5994281425760744
12,120,DGS10,0.4119660056561654,0.4087500000000001,0.7769518455404255,1.1185759662827355,24,24,24,24,0.5055131802401055,0.5071612169714873,1.0888573403073523,1.4338106913754838
