origin_date,target_date,horizon_months,maturity_months,maturity_series,forecast_yield_pct,model,actual_yield_pct
2023-12-31,2024-01-31,1,12,DGS1,4.79,Random Walk,4.73
2023-12-31,2024-01-31,1,24,DGS2,4.23,Random Walk,4.27
2023-12-31,2024-01-31,1,120,DGS10,3.88,Random Walk,3.99
2023-10-31,2024-01-31,3,12,DGS1,5.44,Random Walk,4.73
2023-10-31,2024-01-31,3,24,DGS2,5.07,Random Walk,4.27
2023-10-31,2024-01-31,3,120,DGS10,4.88,Random Walk,3.99
2023-07-31,2024-01-31,6,12,DGS1,5.37,Random Walk,4.73
2023-07-31,2024-01-31,6,24,DGS2,4.88,Random Walk,4.27
2023-07-31,2024-01-31,6,120,DGS10,3.97,Random Walk,3.99
2023-01-31,2024-01-31,12,12,DGS1,4.68,Random Walk,4.73
2023-01-31,2024-01-31,12,24,DGS2,4.21,Random Walk,4.27
2023-01-31,2024-01-31,12,120,DGS10,3.52,Random Walk,3.99
2024-01-31,2024-02-29,1,12,DGS1,4.73,Random Walk,5.01
2024-01-31,2024-02-29,1,24,DGS2,4.27,Random Walk,4.64
2024-01-31,2024-02-29,1,120,DGS10,3.99,Random Walk,4.25
2023-11-30,2024-02-29,3,12,DGS1,5.16,Random Walk,5.01
2023-11-30,2024-02-29,3,24,DGS2,4.73,Random Walk,4.64
2023-11-30,2024-02-29,3,120,DGS10,4.37,Random Walk,4.25
2023-08-31,2024-02-29,6,12,DGS1,5.37,Random Walk,5.01
2023-08-31,2024-02-29,6,24,DGS2,4.85,Random Walk,4.64
2023-08-31,2024-02-29,6,120,DGS10,4.09,Random Walk,4.25
2023-02-28,2024-02-29,12,12,DGS1,5.02,Random Walk,5.01
2023-02-28,2024-02-29,12,24,DGS2,4.81,Random Walk,4.64
2023-02-28,2024-02-29,12,120,DGS10,3.92,Random Walk,4.25
2024-02-29,2024-03-31,1,12,DGS1,5.01,Random Walk,5.03
2024-02-29,2024-03-31,1,24,DGS2,4.64,Random Walk,4.59
2024-02-29,2024-03-31,1,120,DGS10,4.25,Random Walk,4.2
2023-12-31,2024-03-31,3,12,DGS1,4.79,Random Walk,5.03
2023-12-31,2024-03-31,3,24,DGS2,4.23,Random Walk,4.59
2023-12-31,2024-03-31,3,120,DGS10,3.88,Random Walk,4.2
2023-09-30,2024-03-31,6,12,DGS1,5.46,Random Walk,5.03
2023-09-30,2024-03-31,6,24,DGS2,5.03,Random Walk,4.59
2023-09-30,2024-03-31,6,120,DGS10,4.59,Random Walk,4.2
2023-03-31,2024-03-31,12,12,DGS1,4.64,Random Walk,5.03
2023-03-31,2024-03-31,12,24,DGS2,4.06,Random Walk,4.59
2023-03-31,2024-03-31,12,120,DGS10,3.48,Random Walk,4.2
2024-03-31,2024-04-30,1,12,DGS1,5.03,Random Walk,5.25
2024-03-31,2024-04-30,1,24,DGS2,4.59,Random Walk,5.04
2024-03-31,2024-04-30,1,120,DGS10,4.2,Random Walk,4.69
2024-01-31,2024-04-30,3,12,DGS1,4.73,Random Walk,5.25
2024-01-31,2024-04-30,3,24,DGS2,4.27,Random Walk,5.04
2024-01-31,2024-04-30,3,120,DGS10,3.99,Random Walk,4.69
2023-10-31,2024-04-30,6,12,DGS1,5.44,Random Walk,5.25
2023-10-31,2024-04-30,6,24,DGS2,5.07,Random Walk,5.04
2023-10-31,2024-04-30,6,120,DGS10,4.88,Random Walk,4.69
2023-04-30,2024-04-30,12,12,DGS1,4.8,Random Walk,5.25
2023-04-30,2024-04-30,12,24,DGS2,4.04,Random Walk,5.04
2023-04-30,2024-04-30,12,120,DGS10,3.44,Random Walk,4.69
2024-04-30,2024-05-31,1,12,DGS1,5.25,Random Walk,5.18
2024-04-30,2024-05-31,1,24,DGS2,5.04,Random Walk,4.89
2024-04-30,2024-05-31,1,120,DGS10,4.69,Random Walk,4.51
2024-02-29,2024-05-31,3,12,DGS1,5.01,Random Walk,5.18
2024-02-29,2024-05-31,3,24,DGS2,4.64,Random Walk,4.89
2024-02-29,2024-05-31,3,120,DGS10,4.25,Random Walk,4.51
2023-11-30,2024-05-31,6,12,DGS1,5.16,Random Walk,5.18
2023-11-30,2024-05-31,6,24,DGS2,4.73,Random Walk,4.89
2023-11-30,2024-05-31,6,120,DGS10,4.37,Random Walk,4.51
2023-05-31,2024-05-31,12,12,DGS1,5.18,Random Walk,5.18
2023-05-31,2024-05-31,12,24,DGS2,4.4,Random Walk,4.89
2023-05-31,2024-05-31,12,120,DGS10,3.64,Random Walk,4.51
2024-05-31,2024-06-30,1,12,DGS1,5.18,Random Walk,5.09
2024-05-31,2024-06-30,1,24,DGS2,4.89,Random Walk,4.71
2024-05-31,2024-06-30,1,120,DGS10,4.51,Random Walk,4.36
2024-03-31,2024-06-30,3,12,DGS1,5.03,Random Walk,5.09
2024-03-31,2024-06-30,3,24,DGS2,4.59,Random Walk,4.71
2024-03-31,2024-06-30,3,120,DGS10,4.2,Random Walk,4.36
2023-12-31,2024-06-30,6,12,DGS1,4.79,Random Walk,5.09
2023-12-31,2024-06-30,6,24,DGS2,4.23,Random Walk,4.71
2023-12-31,2024-06-30,6,120,DGS10,3.88,Random Walk,4.36
2023-06-30,2024-06-30,12,12,DGS1,5.4,Random Walk,5.09
2023-06-30,2024-06-30,12,24,DGS2,4.87,Random Walk,4.71
2023-06-30,2024-06-30,12,120,DGS10,3.81,Random Walk,4.36
2024-06-30,2024-07-31,1,12,DGS1,5.09,Random Walk,4.73
2024-06-30,2024-07-31,1,24,DGS2,4.71,Random Walk,4.29
2024-06-30,2024-07-31,1,120,DGS10,4.36,Random Walk,4.09
2024-04-30,2024-07-31,3,12,DGS1,5.25,Random Walk,4.73
2024-04-30,2024-07-31,3,24,DGS2,5.04,Random Walk,4.29
2024-04-30,2024-07-31,3,120,DGS10,4.69,Random Walk,4.09
2024-01-31,2024-07-31,6,12,DGS1,4.73,Random Walk,4.73
2024-01-31,2024-07-31,6,24,DGS2,4.27,Random Walk,4.29
2024-01-31,2024-07-31,6,120,DGS10,3.99,Random Walk,4.09
2023-07-31,2024-07-31,12,12,DGS1,5.37,Random Walk,4.73
2023-07-31,2024-07-31,12,24,DGS2,4.88,Random Walk,4.29
2023-07-31,2024-07-31,12,120,DGS10,3.97,Random Walk,4.09
2024-07-31,2024-08-31,1,12,DGS1,4.73,Random Walk,4.38
2024-07-31,2024-08-31,1,24,DGS2,4.29,Random Walk,3.91
2024-07-31,2024-08-31,1,120,DGS10,4.09,Random Walk,3.91
2024-05-31,2024-08-31,3,12,DGS1,5.18,Random Walk,4.38
2024-05-31,2024-08-31,3,24,DGS2,4.89,Random Walk,3.91
2024-05-31,2024-08-31,3,120,DGS10,4.51,Random Walk,3.91
2024-02-29,2024-08-31,6,12,DGS1,5.01,Random Walk,4.38
2024-02-29,2024-08-31,6,24,DGS2,4.64,Random Walk,3.91
2024-02-29,2024-08-31,6,120,DGS10,4.25,Random Walk,3.91
2023-08-31,2024-08-31,12,12,DGS1,5.37,Random Walk,4.38
2023-08-31,2024-08-31,12,24,DGS2,4.85,Random Walk,3.91
2023-08-31,2024-08-31,12,120,DGS10,4.09,Random Walk,3.91
2024-08-31,2024-09-30,1,12,DGS1,4.38,Random Walk,3.98
2024-08-31,2024-09-30,1,24,DGS2,3.91,Random Walk,3.66
2024-08-31,2024-09-30,1,120,DGS10,3.91,Random Walk,3.81
2024-06-30,2024-09-30,3,12,DGS1,5.09,Random Walk,3.98
2024-06-30,2024-09-30,3,24,DGS2,4.71,Random Walk,3.66
2024-06-30,2024-09-30,3,120,DGS10,4.36,Random Walk,3.81
2024-03-31,2024-09-30,6,12,DGS1,5.03,Random Walk,3.98
2024-03-31,2024-09-30,6,24,DGS2,4.59,Random Walk,3.66
2024-03-31,2024-09-30,6,120,DGS10,4.2,Random Walk,3.81
2023-09-30,2024-09-30,12,12,DGS1,5.46,Random Walk,3.98
2023-09-30,2024-09-30,12,24,DGS2,5.03,Random Walk,3.66
2023-09-30,2024-09-30,12,120,DGS10,4.59,Random Walk,3.81
2024-09-30,2024-10-31,1,12,DGS1,3.98,Random Walk,4.27
2024-09-30,2024-10-31,1,24,DGS2,3.66,Random Walk,4.16
2024-09-30,2024-10-31,1,120,DGS10,3.81,Random Walk,4.28
2024-07-31,2024-10-31,3,12,DGS1,4.73,Random Walk,4.27
2024-07-31,2024-10-31,3,24,DGS2,4.29,Random Walk,4.16
2024-07-31,2024-10-31,3,120,DGS10,4.09,Random Walk,4.28
2024-04-30,2024-10-31,6,12,DGS1,5.25,Random Walk,4.27
2024-04-30,2024-10-31,6,24,DGS2,5.04,Random Walk,4.16
2024-04-30,2024-10-31,6,120,DGS10,4.69,Random Walk,4.28
2023-10-31,2024-10-31,12,12,DGS1,5.44,Random Walk,4.27
2023-10-31,2024-10-31,12,24,DGS2,5.07,Random Walk,4.16
2023-10-31,2024-10-31,12,120,DGS10,4.88,Random Walk,4.28
2024-10-31,2024-11-30,1,12,DGS1,4.27,Random Walk,4.3
2024-10-31,2024-11-30,1,24,DGS2,4.16,Random Walk,4.13
2024-10-31,2024-11-30,1,120,DGS10,4.28,Random Walk,4.18
2024-08-31,2024-11-30,3,12,DGS1,4.38,Random Walk,4.3
2024-08-31,2024-11-30,3,24,DGS2,3.91,Random Walk,4.13
2024-08-31,2024-11-30,3,120,DGS10,3.91,Random Walk,4.18
2024-05-31,2024-11-30,6,12,DGS1,5.18,Random Walk,4.3
2024-05-31,2024-11-30,6,24,DGS2,4.89,Random Walk,4.13
2024-05-31,2024-11-30,6,120,DGS10,4.51,Random Walk,4.18
2023-11-30,2024-11-30,12,12,DGS1,5.16,Random Walk,4.3
2023-11-30,2024-11-30,12,24,DGS2,4.73,Random Walk,4.13
2023-11-30,2024-11-30,12,120,DGS10,4.37,Random Walk,4.18
2024-11-30,2024-12-31,1,12,DGS1,4.3,Random Walk,4.16
2024-11-30,2024-12-31,1,24,DGS2,4.13,Random Walk,4.25
2024-11-30,2024-12-31,1,120,DGS10,4.18,Random Walk,4.58
2024-09-30,2024-12-31,3,12,DGS1,3.98,Random Walk,4.16
2024-09-30,2024-12-31,3,24,DGS2,3.66,Random Walk,4.25
2024-09-30,2024-12-31,3,120,DGS10,3.81,Random Walk,4.58
2024-06-30,2024-12-31,6,12,DGS1,5.09,Random Walk,4.16
2024-06-30,2024-12-31,6,24,DGS2,4.71,Random Walk,4.25
2024-06-30,2024-12-31,6,120,DGS10,4.36,Random Walk,4.58
2023-12-31,2024-12-31,12,12,DGS1,4.79,Random Walk,4.16
2023-12-31,2024-12-31,12,24,DGS2,4.23,Random Walk,4.25
2023-12-31,2024-12-31,12,120,DGS10,3.88,Random Walk,4.58
2024-12-31,2025-01-31,1,12,DGS1,4.16,Random Walk,4.17
2024-12-31,2025-01-31,1,24,DGS2,4.25,Random Walk,4.22
2024-12-31,2025-01-31,1,120,DGS10,4.58,Random Walk,4.58
2024-10-31,2025-01-31,3,12,DGS1,4.27,Random Walk,4.17
2024-10-31,2025-01-31,3,24,DGS2,4.16,Random Walk,4.22
2024-10-31,2025-01-31,3,120,DGS10,4.28,Random Walk,4.58
2024-07-31,2025-01-31,6,12,DGS1,4.73,Random Walk,4.17
2024-07-31,2025-01-31,6,24,DGS2,4.29,Random Walk,4.22
2024-07-31,2025-01-31,6,120,DGS10,4.09,Random Walk,4.58
2024-01-31,2025-01-31,12,12,DGS1,4.73,Random Walk,4.17
2024-01-31,2025-01-31,12,24,DGS2,4.27,Random Walk,4.22
2024-01-31,2025-01-31,12,120,DGS10,3.99,Random Walk,4.58
2025-01-31,2025-02-28,1,12,DGS1,4.17,Random Walk,4.08
2025-01-31,2025-02-28,1,24,DGS2,4.22,Random Walk,3.99
2025-01-31,2025-02-28,1,120,DGS10,4.58,Random Walk,4.24
2024-11-30,2025-02-28,3,12,DGS1,4.3,Random Walk,4.08
2024-11-30,2025-02-28,3,24,DGS2,4.13,Random Walk,3.99
2024-11-30,2025-02-28,3,120,DGS10,4.18,Random Walk,4.24
2024-08-31,2025-02-28,6,12,DGS1,4.38,Random Walk,4.08
2024-08-31,2025-02-28,6,24,DGS2,3.91,Random Walk,3.99
2024-08-31,2025-02-28,6,120,DGS10,3.91,Random Walk,4.24
2024-02-29,2025-02-28,12,12,DGS1,5.01,Random Walk,4.08
2024-02-29,2025-02-28,12,24,DGS2,4.64,Random Walk,3.99
2024-02-29,2025-02-28,12,120,DGS10,4.25,Random Walk,4.24
2025-02-28,2025-03-31,1,12,DGS1,4.08,Random Walk,4.03
2025-02-28,2025-03-31,1,24,DGS2,3.99,Random Walk,3.89
2025-02-28,2025-03-31,1,120,DGS10,4.24,Random Walk,4.23
2024-12-31,2025-03-31,3,12,DGS1,4.16,Random Walk,4.03
2024-12-31,2025-03-31,3,24,DGS2,4.25,Random Walk,3.89
2024-12-31,2025-03-31,3,120,DGS10,4.58,Random Walk,4.23
2024-09-30,2025-03-31,6,12,DGS1,3.98,Random Walk,4.03
2024-09-30,2025-03-31,6,24,DGS2,3.66,Random Walk,3.89
2024-09-30,2025-03-31,6,120,DGS10,3.81,Random Walk,4.23
2024-03-31,2025-03-31,12,12,DGS1,5.03,Random Walk,4.03
2024-03-31,2025-03-31,12,24,DGS2,4.59,Random Walk,3.89
2024-03-31,2025-03-31,12,120,DGS10,4.2,Random Walk,4.23
2025-03-31,2025-04-30,1,12,DGS1,4.03,Random Walk,3.85
2025-03-31,2025-04-30,1,24,DGS2,3.89,Random Walk,3.6
2025-03-31,2025-04-30,1,120,DGS10,4.23,Random Walk,4.17
2025-01-31,2025-04-30,3,12,DGS1,4.17,Random Walk,3.85
2025-01-31,2025-04-30,3,24,DGS2,4.22,Random Walk,3.6
2025-01-31,2025-04-30,3,120,DGS10,4.58,Random Walk,4.17
2024-10-31,2025-04-30,6,12,DGS1,4.27,Random Walk,3.85
2024-10-31,2025-04-30,6,24,DGS2,4.16,Random Walk,3.6
2024-10-31,2025-04-30,6,120,DGS10,4.28,Random Walk,4.17
2024-04-30,2025-04-30,12,12,DGS1,5.25,Random Walk,3.85
2024-04-30,2025-04-30,12,24,DGS2,5.04,Random Walk,3.6
2024-04-30,2025-04-30,12,120,DGS10,4.69,Random Walk,4.17
2025-04-30,2025-05-31,1,12,DGS1,3.85,Random Walk,4.11
2025-04-30,2025-05-31,1,24,DGS2,3.6,Random Walk,3.89
2025-04-30,2025-05-31,1,120,DGS10,4.17,Random Walk,4.41
2025-02-28,2025-05-31,3,12,DGS1,4.08,Random Walk,4.11
2025-02-28,2025-05-31,3,24,DGS2,3.99,Random Walk,3.89
2025-02-28,2025-05-31,3,120,DGS10,4.24,Random Walk,4.41
2024-11-30,2025-05-31,6,12,DGS1,4.3,Random Walk,4.11
2024-11-30,2025-05-31,6,24,DGS2,4.13,Random Walk,3.89
2024-11-30,2025-05-31,6,120,DGS10,4.18,Random Walk,4.41
2024-05-31,2025-05-31,12,12,DGS1,5.18,Random Walk,4.11
2024-05-31,2025-05-31,12,24,DGS2,4.89,Random Walk,3.89
2024-05-31,2025-05-31,12,120,DGS10,4.51,Random Walk,4.41
2025-05-31,2025-06-30,1,12,DGS1,4.11,Random Walk,3.96
2025-05-31,2025-06-30,1,24,DGS2,3.89,Random Walk,3.72
2025-05-31,2025-06-30,1,120,DGS10,4.41,Random Walk,4.24
2025-03-31,2025-06-30,3,12,DGS1,4.03,Random Walk,3.96
2025-03-31,2025-06-30,3,24,DGS2,3.89,Random Walk,3.72
2025-03-31,2025-06-30,3,120,DGS10,4.23,Random Walk,4.24
2024-12-31,2025-06-30,6,12,DGS1,4.16,Random Walk,3.96
2024-12-31,2025-06-30,6,24,DGS2,4.25,Random Walk,3.72
2024-12-31,2025-06-30,6,120,DGS10,4.58,Random Walk,4.24
2024-06-30,2025-06-30,12,12,DGS1,5.09,Random Walk,3.96
2024-06-30,2025-06-30,12,24,DGS2,4.71,Random Walk,3.72
2024-06-30,2025-06-30,12,120,DGS10,4.36,Random Walk,4.24
2025-06-30,2025-07-31,1,12,DGS1,3.96,Random Walk,4.1
2025-06-30,2025-07-31,1,24,DGS2,3.72,Random Walk,3.94
2025-06-30,2025-07-31,1,120,DGS10,4.24,Random Walk,4.37
2025-04-30,2025-07-31,3,12,DGS1,3.85,Random Walk,4.1
2025-04-30,2025-07-31,3,24,DGS2,3.6,Random Walk,3.94
2025-04-30,2025-07-31,3,120,DGS10,4.17,Random Walk,4.37
2025-01-31,2025-07-31,6,12,DGS1,4.17,Random Walk,4.1
2025-01-31,2025-07-31,6,24,DGS2,4.22,Random Walk,3.94
2025-01-31,2025-07-31,6,120,DGS10,4.58,Random Walk,4.37
2024-07-31,2025-07-31,12,12,DGS1,4.73,Random Walk,4.1
2024-07-31,2025-07-31,12,24,DGS2,4.29,Random Walk,3.94
2024-07-31,2025-07-31,12,120,DGS10,4.09,Random Walk,4.37
2025-07-31,2025-08-31,1,12,DGS1,4.1,Random Walk,3.83
2025-07-31,2025-08-31,1,24,DGS2,3.94,Random Walk,3.59
2025-07-31,2025-08-31,1,120,DGS10,4.37,Random Walk,4.23
2025-05-31,2025-08-31,3,12,DGS1,4.11,Random Walk,3.83
2025-05-31,2025-08-31,3,24,DGS2,3.89,Random Walk,3.59
2025-05-31,2025-08-31,3,120,DGS10,4.41,Random Walk,4.23
2025-02-28,2025-08-31,6,12,DGS1,4.08,Random Walk,3.83
2025-02-28,2025-08-31,6,24,DGS2,3.99,Random Walk,3.59
2025-02-28,2025-08-31,6,120,DGS10,4.24,Random Walk,4.23
2024-08-31,2025-08-31,12,12,DGS1,4.38,Random Walk,3.83
2024-08-31,2025-08-31,12,24,DGS2,3.91,Random Walk,3.59
2024-08-31,2025-08-31,12,120,DGS10,3.91,Random Walk,4.23
2025-08-31,2025-09-30,1,12,DGS1,3.83,Random Walk,3.68
2025-08-31,2025-09-30,1,24,DGS2,3.59,Random Walk,3.6
2025-08-31,2025-09-30,1,120,DGS10,4.23,Random Walk,4.16
2025-06-30,2025-09-30,3,12,DGS1,3.96,Random Walk,3.68
2025-06-30,2025-09-30,3,24,DGS2,3.72,Random Walk,3.6
2025-06-30,2025-09-30,3,120,DGS10,4.24,Random Walk,4.16
2025-03-31,2025-09-30,6,12,DGS1,4.03,Random Walk,3.68
2025-03-31,2025-09-30,6,24,DGS2,3.89,Random Walk,3.6
2025-03-31,2025-09-30,6,120,DGS10,4.23,Random Walk,4.16
2024-09-30,2025-09-30,12,12,DGS1,3.98,Random Walk,3.68
2024-09-30,2025-09-30,12,24,DGS2,3.66,Random Walk,3.6
2024-09-30,2025-09-30,12,120,DGS10,3.81,Random Walk,4.16
2025-09-30,2025-10-31,1,12,DGS1,3.68,Random Walk,3.7
2025-09-30,2025-10-31,1,24,DGS2,3.6,Random Walk,3.6
2025-09-30,2025-10-31,1,120,DGS10,4.16,Random Walk,4.11
2025-07-31,2025-10-31,3,12,DGS1,4.1,Random Walk,3.7
2025-07-31,2025-10-31,3,24,DGS2,3.94,Random Walk,3.6
2025-07-31,2025-10-31,3,120,DGS10,4.37,Random Walk,4.11
2025-04-30,2025-10-31,6,12,DGS1,3.85,Random Walk,3.7
2025-04-30,2025-10-31,6,24,DGS2,3.6,Random Walk,3.6
2025-04-30,2025-10-31,6,120,DGS10,4.17,Random Walk,4.11
2024-10-31,2025-10-31,12,12,DGS1,4.27,Random Walk,3.7
2024-10-31,2025-10-31,12,24,DGS2,4.16,Random Walk,3.6
2024-10-31,2025-10-31,12,120,DGS10,4.28,Random Walk,4.11
2025-10-31,2025-11-30,1,12,DGS1,3.7,Random Walk,3.61
2025-10-31,2025-11-30,1,24,DGS2,3.6,Random Walk,3.47
2025-10-31,2025-11-30,1,120,DGS10,4.11,Random Walk,4.02
2025-08-31,2025-11-30,3,12,DGS1,3.83,Random Walk,3.61
2025-08-31,2025-11-30,3,24,DGS2,3.59,Random Walk,3.47
2025-08-31,2025-11-30,3,120,DGS10,4.23,Random Walk,4.02
2025-05-31,2025-11-30,6,12,DGS1,4.11,Random Walk,3.61
2025-05-31,2025-11-30,6,24,DGS2,3.89,Random Walk,3.47
2025-05-31,2025-11-30,6,120,DGS10,4.41,Random Walk,4.02
2024-11-30,2025-11-30,12,12,DGS1,4.3,Random Walk,3.61
2024-11-30,2025-11-30,12,24,DGS2,4.13,Random Walk,3.47
2024-11-30,2025-11-30,12,120,DGS10,4.18,Random Walk,4.02
2025-11-30,2025-12-31,1,12,DGS1,3.61,Random Walk,3.48
2025-11-30,2025-12-31,1,24,DGS2,3.47,Random Walk,3.47
2025-11-30,2025-12-31,1,120,DGS10,4.02,Random Walk,4.18
2025-09-30,2025-12-31,3,12,DGS1,3.68,Random Walk,3.48
2025-09-30,2025-12-31,3,24,DGS2,3.6,Random Walk,3.47
2025-09-30,2025-12-31,3,120,DGS10,4.16,Random Walk,4.18
2025-06-30,2025-12-31,6,12,DGS1,3.96,Random Walk,3.48
2025-06-30,2025-12-31,6,24,DGS2,3.72,Random Walk,3.47
2025-06-30,2025-12-31,6,120,DGS10,4.24,Random Walk,4.18
2024-12-31,2025-12-31,12,12,DGS1,4.16,Random Walk,3.48
2024-12-31,2025-12-31,12,24,DGS2,4.25,Random Walk,3.47
2024-12-31,2025-12-31,12,120,DGS10,4.58,Random Walk,4.18
